sexe;deptgeo;deptgeo_Autre;deptformation;niveau;reprise;alternant;bourse;travail;logement;logement_Autre;fumer;alimentation;sante;fan;sport;raisonnonsuaps;raisonnonsuaps_Autre;sportavant;typessportavant_1;typessportavant_2;typessportavant_3;typessportavant_4;typessportavant_5;typessportavant_6;typessportavant_7;typessportavant_8;typessportavant_9;typessportavant_Autre;raisonarretsport;raisonarretsport_Autre;covid;raisonjamaissport;raisonjamaissport_Autre;cadresport_1;cadresport_2;sportsuaps_1;sportsuaps_2;sportsuaps_3;sportsuaps_4;sportsuaps_5;sportsuaps_6;sportsuaps_7;heuressuaps;bonif;satisfsuaps;raisonnonsatisfsuaps_1;raisonnonsatisfsuaps_2;raisonnonsatisfsuaps_3;raisonnonsatisfsuaps_4;raisonnonsatisfsuaps_Autre;lieu_1;lieu_2;lieu_3;lieu_Autre;sportsnonsuaps_1;sportsnonsuaps_2;sportsnonsuaps_3;sportsnonsuaps_4;sportsnonsuaps_5;sportsnonsuaps_6;sportsnonsuaps_7;sportsnonsuaps_8;sportsnonsuaps_9;sportsnonsuaps_Autre;cadrenonsuaps_1;cadrenonsuaps_2;tempsnonsuaps;compet;motiv;motiv_Autre;passersport;argument;argument_Autre;refairesport;reussite
Un homme;17;;SD;BUT3;Non;Non;Non;Non;Locataire;;Non;Oui;Oui;Oui;Oui;;;;;;;;;;;;;;;;;;;Dans le cadre du SUAPS;En dehors du SUAPS;Escalade;;;;;;;2h;Non;Oui;;;;;;A Niort;;;;Autre;;;;;;;;;salle de sport;Club, association;;3h;Non;Etre en forme;;Je ne peux pas l'envisager;;;;Moyennement d'accord
Un homme;17;;SD;BUT3;Non;Oui;;;Locataire;;Non;Oui;Oui;Oui;Oui;;;;;;;;;;;;;;;;;;;Dans le cadre du SUAPS;En dehors du SUAPS;Natation;Escalade;;;;;;3h ou plus;Non;Oui;;;;;;A Niort;Près de votre domicile familial;;;Sport d'eau;Running, athlétisme;;;;;;;;;Pratique libre;;2h;Non;Evacuer les tensions;;Ce serait difficile;;;;Tout à fait d'accord
Un homme;79;;SD;BUT3;Non;Oui;;;Domicilié.e chez vos (ou un de vos ) parents;;Non;Non;Oui;Oui;Oui;;;;;;;;;;;;;;;;;;;Dans le cadre du SUAPS;;Futsal;Natation;;;;;;2h;Oui;Oui;;;;;;;;;;;;;;;;;;;;;;;;S'amuser;;Je ne peux pas l'envisager;;;;Tout à fait d'accord
Un homme;Autre;49;SD;BUT3;Non;Oui;;;Locataire;;Oui;Oui;Oui;Oui;Oui;;;;;;;;;;;;;;;;;;;Dans le cadre du SUAPS;En dehors du SUAPS;Badminton;;;;;;;2h;Non;Oui;;;;;;A Niort;Près de votre domicile familial;;;Gym, fitness, zumba...;Running, athlétisme;;;;;;;;;Pratique libre;;2h;Non;Etre en forme;;Ce serait difficile;;;;Tout à fait d'accord
Un homme;Autre;35;SD;BUT3;Non;Non;Non;Non;Locataire;;Non;Non;Non;Non;Oui;;;;;;;;;;;;;;;;;;;Dans le cadre du SUAPS;;Badminton;;;;;;;2h;Non;Oui;;;;;;;;;;;;;;;;;;;;;;;;S'amuser;;Oui sans trop de problème;;;;Moyennement d'accord
Un homme;Autre;03;SD;BUT3;Non;Oui;;;Locataire;;Non;Oui;Oui;Oui;Non;Les activités proposées ne vous conviennent pas;;Oui;Autre;;;;;;;;;judo;Autre;déménagement;Non;;;;;;;;;;;;;;;;;;;;;;;;;;;;;;;;;;;;;;;;;Un problème de santé;;;Moyennement d'accord
Un homme;79;;SD;BUT3;Non;Oui;;;Domicilié.e chez vos (ou un de vos ) parents;;Oui;Oui;Oui;Non;Oui;;;;;;;;;;;;;;;;;;;En dehors du SUAPS;;;;;;;;;;;;;;;;;A Niort;Près de votre domicile familial;Autre;;Gym, fitness, zumba...;Sport d'eau;Running, athlétisme;;;;;;;;Pratique libre;;4h ou plus;Non;Etre en forme;;Ce serait difficile;;;;Moyennement d'accord
Un homme;Autre;21;SD;BUT3;Non;Oui;;;Locataire;;Non;Oui;Oui;Oui;Oui;;;;;;;;;;;;;;;;;;;Dans le cadre du SUAPS;;Badminton;;;;;;;2h;Oui;Oui;;;;;;;;;;;;;;;;;;;;;;;;Etre en forme;;Je ne peux pas l'envisager;;;;
Un homme;79;;SD;BUT3;Non;Non;Non;Non;Locataire;;Non;Oui;Oui;Non;Oui;;;;;;;;;;;;;;;;;;;En dehors du SUAPS;;;;;;;;;;;;;;;;;Près de votre domicile familial;;;;Sport de raquette;;;;;;;;;;Club, association;;1h;Non;Etre en forme;;Ce serait difficile;;;;Moyennement d'accord
Un homme;86;;SD;BUT3;Non;Oui;;;Locataire;;Non;Oui;Oui;Oui;Oui;;;;;;;;;;;;;;;;;;;Dans le cadre du SUAPS;;Badminton;;;;;;;2h;Non;Oui;;;;;;;;;;;;;;;;;;;;;;;;Etre en forme;;Oui sans trop de problème;;;;Tout à fait d'accord
Une femme;79;;SD;BUT3;Non;Oui;;;Domicilié.e chez vos (ou un de vos ) parents;;Oui;Oui;Oui;Oui;Oui;;;;;;;;;;;;;;;;;;;Dans le cadre du SUAPS;En dehors du SUAPS;Badminton;;;;;;;2h;Oui;Oui;;;;;;A Niort;;;;Autre;;;;;;;;;musculation, dancehall;Club, association;;4h ou plus;Non;Evacuer les tensions;;Je ne peux pas l'envisager;;;;Tout à fait d'accord
Un homme;79;;SD;BUT3;Non;Oui;;;Domicilié.e chez vos (ou un de vos ) parents;;Non;Oui;Oui;Oui;Oui;;;;;;;;;;;;;;;;;;;En dehors du SUAPS;;;;;;;;;;;;;;;;;A Niort;;;;Gym, fitness, zumba...;;;;;;;;;;Pratique libre;;4h ou plus;Non;Etre en forme;;Je ne peux pas l'envisager;;;;Tout à fait d'accord
Un homme;Autre;45;SD;BUT3;Non;Non;;;Locataire;;Non;Oui;Oui;Oui;Oui;;;;;;;;;;;;;;;;;;;Dans le cadre du SUAPS;En dehors du SUAPS;Badminton;;;;;;;2h;;Oui;;;;;;A Niort;;;;Running, athlétisme;Gym, fitness, zumba...;;;;;;;;;Pratique libre;;4h ou plus;Non;Etre en forme;;Je ne peux pas l'envisager;;;;Moyennement d'accord
Une femme;79;;SD;BUT3;Non;Oui;;;Locataire;;Non;Non;Oui;Oui;Non;Autre;pas de motivation;Non;;;;;;;;;;;;;;Manque de temps;;;;;;;;;;;;;;;;;;;;;;;;;;;;;;;;;;;;;;;;Un accès plus facile aux équipements/cours;;Oui;Moyennement d'accord
Un homme;Autre;13;SD;BUT3;Non;Oui;;;Locataire;;Non;Oui;Oui;Oui;Oui;;;;;;;;;;;;;;;;;;;En dehors du SUAPS;;;;;;;;;;;;;;;;;A Niort;Près de votre domicile familial;;;Sport d'eau;Running, athlétisme;Cyclisme;Gym, fitness, zumba...;;;;;;;Pratique libre;;4h ou plus;Oui;Etre en forme;;Ce serait difficile;;;;Tout à fait d'accord
Un homme;86;;SD;BUT3;Non;Non;Non;Non;Locataire;;Non;Non;Non;Oui;Oui;;;;;;;;;;;;;;;;;;;Dans le cadre du SUAPS;En dehors du SUAPS;Badminton;;;;;;;2h;Non;Oui;;;;;;A Niort;;;;Cyclisme;;;;;;;;;;Pratique libre;;1h;Non;Etre en forme;;Oui sans trop de problème;;;;Tout à fait d'accord
Un homme;79;;SD;BUT3;Non;Oui;;;Domicilié.e chez vos (ou un de vos ) parents;;Non;Non;Oui;Non;Oui;;;;;;;;;;;;;;;;;;;En dehors du SUAPS;;;;;;;;;;;;;;;;;A Niort;;;;Gym, fitness, zumba...;;;;;;;;;;Pratique libre;;4h ou plus;Non;Evacuer les tensions;;Je ne peux pas l'envisager;;;;Moyennement d'accord
Un homme;79;;SD;BUT1;Non;Non;Oui;Non;Domicilié.e chez vos (ou un de vos ) parents;;Oui;Oui;Oui;Non;Oui;;;;;;;;;;;;;;;;;;;En dehors du SUAPS;;;;;;;;;;;;;;;;;A Niort;;;;Gym, fitness, zumba...;;;;;;;;;;Pratique libre;;3h;Non;Etre en forme;;Oui sans trop de problème;;;;Moyennement d'accord
Un homme;85;;SD;BUT1;Non;Non;Non;Non;Locataire;;Non;Oui;Oui;Oui;Oui;;;;;;;;;;;;;;;;;;;En dehors du SUAPS;;;;;;;;;;;;;;;;;A Niort;Près de votre domicile familial;;;Sport de raquette;;;;;;;;;;Club, association;;4h ou plus;Oui;Etre en forme;;Ce serait difficile;;;;Tout à fait d'accord
Un homme;85;;SD;BUT1;Non;Non;Non;Non;Locataire;;Non;Oui;Oui;Oui;Oui;;;;;;;;;;;;;;;;;;;En dehors du SUAPS;;;;;;;;;;;;;;;;;A Niort;;;;Sport collectif auttre que foot;;;;;;;;;;Club, association;;3h;Oui;S'amuser;;Je ne peux pas l'envisager;;;;Tout à fait d'accord
Un homme;86;;SD;BUT1;Oui;Non;Non;Non;Locataire;;Non;Non;Non;Non;Non;Vous n'avez pas envie de faire du sport;;Oui;Football;Sport collectif autre que foot;Autre;;;;;;;Judo;Difficultés pratiques;;Non;;;;;;;;;;;;;;;;;;;;;;;;;;;;;;;;;;;;;;;;;Plus de temps;;Non;Moyennement d'accord
Un homme;79;;SD;BUT1;Non;Non;Non;Non;Domicilié.e chez vos (ou un de vos ) parents;;Oui;Non;Non;Oui;Oui;;;;;;;;;;;;;;;;;;;En dehors du SUAPS;;;;;;;;;;;;;;;;;A Niort;;;;Autre;;;;;;;;;Musculation;Pratique libre;;3h;Non;Evacuer les tensions;;Je ne peux pas l'envisager;;;;Tout à fait d'accord
Un homme;79;;SD;BUT1;Non;Non;Non;Oui;Domicilié.e chez vos (ou un de vos ) parents;;Non;Non;Oui;Oui;Oui;;;;;;;;;;;;;;;;;;;En dehors du SUAPS;;;;;;;;;;;;;;;;;Près de votre domicile familial;;;;Autre;;;;;;;;;Tennis;Club, association;;4h ou plus;Oui;S'amuser;;Ce serait difficile;;;;Pas vraiment d'accord
Un homme;Autre;56;SD;BUT1;Non;Non;Non;Non;Locataire;;Non;Oui;Oui;Oui;Oui;;;;;;;;;;;;;;;;;;;En dehors du SUAPS;;;;;;;;;;;;;;;;;A Niort;Près de votre domicile familial;;;Running, athlétisme;;;;;;;;;;Pratique libre;;1h;Non;Etre en forme;;Ce serait difficile;;;;Tout à fait d'accord
Un homme;Autre;;SD;BUT1;Non;Non;Non;Non;Locataire;;Non;Non;Oui;Oui;Oui;;;;;;;;;;;;;;;;;;;Dans le cadre du SUAPS;En dehors du SUAPS;Basket;Musculation;;;;;;2h;Oui;Non;Horaires;Lieux;;;;A Niort;;;;Autre;;;;;;;;;Sport de combat;Club, association;;2h;Oui;Etre en forme;;Ce serait difficile;;;;Moyennement d'accord
Un homme;Autre;;SD;BUT1;Non;Non;Non;Non;Locataire;;Non;Oui;Oui;Non;Oui;;;;;;;;;;;;;;;;;;;Dans le cadre du SUAPS;;Musculation;;;;;;;1h ou moins;Non;Oui;;;;;;;;;;;;;;;;;;;;;;;;Etre en forme;;Ce serait difficile;;;;Moyennement d'accord
Un homme;86;;SD;BUT1;Non;Non;Non;Non;Locataire;;Non;Oui;Oui;Oui;Oui;;;;;;;;;;;;;;;;;;;En dehors du SUAPS;;;;;;;;;;;;;;;;;A Niort;Près de votre domicile familial;;;Running, athlétisme;Cyclisme;Autre;;;;;;;Musculation;Club, association;;4h ou plus;Oui;;;;;;;
Un homme;79;;;BUT1;Non;Oui;;;Domicilié.e chez vos (ou un de vos ) parents;;Non;Oui;Oui;Oui;Oui;;;;;;;;;;;;;;;;;;;En dehors du SUAPS;;;;;;;;;;;;;;;;;A Niort;;;;Football;Autre;;;;;;;;Musculation;Pratique libre;;4h ou plus;Non;Etre en forme;;Je ne peux pas l'envisager;;;;Tout à fait d'accord
Un homme;79;;SD;BUT1;Non;Non;;;Domicilié.e chez vos (ou un de vos ) parents;;Non;Oui;Oui;Oui;Oui;;;;;;;;;;;;;;;;;;;En dehors du SUAPS;;;;;;;;;;;;;;;;;A Niort;Près de votre domicile familial;;;Gym, fitness, zumba...;;;;;;;;;;Pratique libre;;4h ou plus;Non;Etre en forme;;Je ne peux pas l'envisager;;;;Tout à fait d'accord
Un homme;17;;SD;BUT1;Non;Non;Non;Non;Locataire;;Non;Oui;Oui;Oui;Oui;;;;;;;;;;;;;;;;;;;Dans le cadre du SUAPS;En dehors du SUAPS;Futsal;;;;;;;2h;Non;Oui;;;;;;A Niort;Près de votre domicile familial;;;Running, athlétisme;;;;;;;;;;Pratique libre;;4h ou plus;Non;Etre en forme;;Je ne peux pas l'envisager;;;;Tout à fait d'accord
Un homme;85;;;BUT1;Non;Non;Oui;Non;Locataire;;Non;Oui;Oui;Non;Oui;;;;;;;;;;;;;;;;;;;Dans le cadre du SUAPS;;Badminton;;;;;;;2h;Non;Oui;;;;;;;;;;;;;;;;;;;;;;;;Etre en forme;;Ce serait difficile;;;;Tout à fait d'accord
Un homme;79;;SD;BUT1;Non;Non;Non;Non;Domicilié.e chez vos (ou un de vos ) parents;;Non;Non;Oui;Oui;Oui;;;;;;;;;;;;;;;;;;;Dans le cadre du SUAPS;En dehors du SUAPS;Basket;Badminton;;;;;;3h ou plus;Non;Oui;;;;;;A Niort;Près de votre domicile familial;;;Sport collectif auttre que foot;;;;;;;;;;Club, association;;2h;Non;Etre en forme;;Ce serait difficile;;;;Moyennement d'accord
Un homme;79;;SD;BUT1;Non;Non;Oui;Oui;Domicilié.e chez vos (ou un de vos ) parents;;Non;Oui;Oui;Oui;Non;Les horaires sont inadaptés;;Oui;Sport de raquette;;;;;;;;;;Manque de temps;;Non;;;;;;;;;;;;;;;;;;;;;;;;;;;;;;;;;;;;;;;;;Plus de temps;;Oui;Moyennement d'accord
Un homme;79;;SD;BUT1;Non;Non;Oui;Non;Locataire;;Non;Oui;Oui;Oui;Oui;;;;;;;;;;;;;;;;;;;En dehors du SUAPS;;;;;;;;;;;;;;;;;A Niort;;;;Sport collectif auttre que foot;Sport d'eau;Autre;;;;;;;Musculation;Club, association;;4h ou plus;Oui;Etre en forme;;Ce serait difficile;;;;Moyennement d'accord
Un homme;17;;HSE;BUT1;Non;Oui;;;Locataire;;Non;Oui;Oui;Oui;Oui;;;;;;;;;;;;;;;;;;;En dehors du SUAPS;;;;;;;;;;;;;;;;;A Niort;;;;Gym, fitness, zumba...;;;;;;;;;;Club, association;Pratique libre;4h ou plus;Non;Etre en forme;;Ce serait difficile;;;;Pas vraiment d'accord
Un homme;Autre;76;HSE;BUT1;Non;Non;Non;Non;Locataire;;Oui;Non;Oui;Oui;Oui;;;;;;;;;;;;;;;;;;;En dehors du SUAPS;;;;;;;;;;;;;;;;;A Niort;Près de votre domicile familial;;;Sport collectif auttre que foot;;;;;;;;;;Club, association;Pratique libre;4h ou plus;Non;Etre en forme;;Ce serait difficile;;;;Tout à fait d'accord
Un homme;Autre;37;HSE;BUT1;Non;Non;Non;Non;Locataire;;Non;Oui;Oui;Oui;Oui;;;;;;;;;;;;;;;;;;;Dans le cadre du SUAPS;En dehors du SUAPS;Natation;;;;;;;2h;Oui;Oui;;;;;;A Niort;Près de votre domicile familial;;;Gym, fitness, zumba...;Running, athlétisme;Cyclisme;;;;;;;;Pratique libre;;4h ou plus;Non;S'amuser;;Ce serait difficile;;;;Tout à fait d'accord
Un homme;86;;HSE;BUT1;Non;Non;Non;Non;Locataire;;Non;Non;Oui;Non;Oui;;;;;;;;;;;;;;;;;;;Dans le cadre du SUAPS;En dehors du SUAPS;Volley;;;;;;;2h;Non;Oui;;;;;;A Niort;Près de votre domicile familial;;;Running, athlétisme;Yoga;Autre;;;;;;;muscu;Pratique libre;;3h;Non;Etre en forme;;Ce serait difficile;;;;Tout à fait d'accord
Une femme;16;;HSE;BUT1;Non;Non;Non;Oui;Locataire;;Non;Non;Oui;Non;Non;Les activités proposées ne vous conviennent pas;;Oui;Sport de raquette;;;;;;;;;;Plus d'envie;;Non;;;;;;;;;;;;;;;;;;;;;;;;;;;;;;;;;;;;;;;;;Un accès plus facile aux équipements/cours;;Oui;Tout à fait d'accord
Une femme;85;;HSE;BUT1;Non;Non;Non;Non;Locataire;;Non;Oui;Oui;Non;Oui;;;;;;;;;;;;;;;;;;;Dans le cadre du SUAPS;;Basket;;;;;;;1h ou moins;Non;Oui;;;;;;;;;;;;;;;;;;;;;;;;Etre en forme;;Oui sans trop de problème;;;;Tout à fait d'accord
Un homme;Autre;16;HSE;BUT1;Non;Non;Non;Non;Locataire;;Non;Non;Oui;Oui;Oui;;;;;;;;;;;;;;;;;;;Dans le cadre du SUAPS;En dehors du SUAPS;Escalade;;;;;;;2h;Oui;Oui;;;;;;A Niort;;;;Running, athlétisme;;;;;;;;;;Pratique libre;;4h ou plus;Oui;Evacuer les tensions;;Je ne peux pas l'envisager;;;;Pas vraiment d'accord
Un homme;Autre;37;HSE;BUT1;Non;Oui;;;Locataire;;Non;Oui;Oui;Oui;Non;Les horaires sont inadaptés;;Oui;Football;Autre;;;;;;;;judo boxe mma;Manque de temps;;Non;;;;;;;;;;;;;;;;;;;;;;;;;;;;;;;;;;;;;;;;;Plus de temps;;Non;Tout à fait d'accord
Un homme;Autre;;HSE;BUT1;Non;Non;Non;Oui;Locataire;;Non;Oui;Oui;Non;Oui;;;;;;;;;;;;;;;;;;;Dans le cadre du SUAPS;En dehors du SUAPS;Escalade;;;;;;;2h;Oui;Oui;;;;;;A Niort;;;;Autre;;;;;;;;;salle de sport;Pratique libre;;4h ou plus;Non;Etre en forme;;Ce serait difficile;;;;Pas vraiment d'accord
Un homme;86;;HSE;BUT1;Non;Non;Oui;Non;Locataire;;Oui;Oui;Oui;Oui;Oui;;;;;;;;;;;;;;;;;;;Dans le cadre du SUAPS;;Volley;;;;;;;2h;Non;Oui;;;;;;;;;;;;;;;;;;;;;;;;Etre en forme;;Ce serait difficile;;;;Tout à fait d'accord
Un homme;Autre;87;HSE;BUT1;Oui;Non;Oui;Non;Locataire;;Non;Oui;Oui;Non;Oui;;;;;;;;;;;;;;;;;;;En dehors du SUAPS;;;;;;;;;;;;;;;;;A Niort;;;;Gym, fitness, zumba...;Autre;;;;;;;;kick boxing;Club, association;;3h;Non;Etre en forme;;Oui sans trop de problème;;;;Pas vraiment d'accord
Un homme;85;;HSE;BUT1;Non;Non;Oui;Non;Locataire;;Non;Oui;Oui;Oui;Oui;;;;;;;;;;;;;;;;;;;Dans le cadre du SUAPS;;Volley;;;;;;;2h;Oui;Oui;;;;;;;;;;;;;;;;;;;;;;;;Etre en forme;;Je ne peux pas l'envisager;;;;Tout à fait d'accord
Un homme;17;;HSE;BUT1;Non;Non;Oui;Non;Locataire;;Non;Oui;Oui;Oui;Oui;;;;;;;;;;;;;;;;;;;Dans le cadre du SUAPS;En dehors du SUAPS;Volley;;;;;;;2h;Oui;Oui;;;;;;A Niort;Près de votre domicile familial;;;Gym, fitness, zumba...;Running, athlétisme;;;;;;;;;Pratique libre;;4h ou plus;Non;Autre;preparer les concours pour l'armée;Ce serait difficile;;;;Tout à fait d'accord
Une femme;Autre;29;HSE;BUT1;Non;Non;Oui;Non;Locataire;;Non;Oui;Oui;Oui;Oui;;;;;;;;;;;;;;;;;;;Dans le cadre du SUAPS;En dehors du SUAPS;Natation;;;;;;;1h ou moins;Non;Oui;;;;;;A Niort;;;;Running, athlétisme;;;;;;;;;;Pratique libre;;3h;Non;Autre;projet pro;Ce serait difficile;;;;Tout à fait d'accord
Une femme;85;;HSE;BUT1;Non;Non;Non;Non;Locataire;;Non;Oui;Oui;Non;Non;Les activités proposées ne vous conviennent pas;;Oui;Gym, fitness, zumba...;Running, athlétisme;;;;;;;;;Manque de temps;;Non;;;;;;;;;;;;;;;;;;;;;;;;;;;;;;;;;;;;;;;;;Plus de temps;;Oui;
Un homme;79;;HSE;BUT1;Non;Non;Non;Non;Locataire;;Non;Oui;Oui;Oui;Oui;;;;;;;;;;;;;;;;;;;En dehors du SUAPS;;;;;;;;;;;;;;;;;A Niort;Près de votre domicile familial;;;Autre;;;;;;;;;salle de sport et sport de combat;Club, association;;4h ou plus;Oui;Etre en forme;;Je ne peux pas l'envisager;;;;Tout à fait d'accord
Un homme;Autre;72;HSE;BUT2;Non;Non;Oui;Non;Locataire;;Non;Oui;Oui;Non;Oui;;;;;;;;;;;;;;;;;;;En dehors du SUAPS;;;;;;;;;;;;;;;;;A Niort;;;;Gym, fitness, zumba...;;;;;;;;;;Pratique libre;;4h ou plus;Non;S'amuser;;Oui sans trop de problème;;;;Tout à fait d'accord
Un homme;79;;GEA;BUT2;Non;Oui;;;Locataire;;Non;Non;Oui;Non;Oui;;;;;;;;;;;;;;;;;;;En dehors du SUAPS;;Musculation;;;;;;;3h ou plus;;;;;;;;A Niort;Près de votre domicile familial;;;Football;Sport de raquette;Sport collectif auttre que foot;Gym, fitness, zumba...;Sport d'eau;Running, athlétisme;Cyclisme;Yoga;;;Pratique libre;;4h ou plus;Non;Etre en forme;;Oui sans trop de problème;;;;Tout à fait d'accord
Un homme;79;;HSE;BUT2;Non;Oui;;;Domicilié.e chez vos (ou un de vos ) parents;;Non;Non;Oui;Oui;Oui;;;;;;;;;;;;;;;;;;;En dehors du SUAPS;;Volley;;;;;;;;;;;;;;;Près de votre domicile familial;;;;Sport de raquette;;;;;;;;;;Club, association;;4h ou plus;Oui;Etre en forme;;Je ne peux pas l'envisager;;;;Tout à fait d'accord
Une femme;85;;HSE;BUT2;Non;Oui;;;Locataire;;Non;Oui;Oui;Oui;Oui;;;;;;;;;;;;;;;;;;;En dehors du SUAPS;;;;;;;;;;;;;;;;;A Niort;;;;Sport collectif auttre que foot;;;;;;;;;;Club, association;;4h ou plus;Oui;Etre en forme;;Je ne peux pas l'envisager;;;;Tout à fait d'accord
Une femme;17;;HSE;BUT2;Non;Oui;;;Locataire;;Non;Non;Oui;Oui;Oui;;;;;;;;;;;;;;;;;;;En dehors du SUAPS;;;;;;;;;;;;;;;;;Près de votre domicile familial;;;;Sport collectif auttre que foot;Running, athlétisme;;;;;;;;;Club, association;Pratique libre;4h ou plus;Oui;Evacuer les tensions;;Je ne peux pas l'envisager;;;;Tout à fait d'accord
Une femme;85;;HSE;BUT2;Non;Oui;;;Locataire;;Non;Non;Oui;Oui;Oui;;;;;;;;;;;;;;;;;;;En dehors du SUAPS;;;;;;;;;;;;;;;;;A Niort;Près de votre domicile familial;;;Running, athlétisme;;;;;;;;;;Club, association;;4h ou plus;Oui;Evacuer les tensions;;Je ne peux pas l'envisager;;;;Tout à fait d'accord
Un homme;Autre;49;HSE;BUT2;Non;Oui;;;Locataire;;Non;Oui;Oui;Oui;Oui;;;;;;;;;;;;;;;;;;;En dehors du SUAPS;;;;;;;;;;;;;;;;;A Niort;Près de votre domicile familial;;;Autre;;;;;;;;;;Pratique libre;;4h ou plus;Non;Etre en forme;;Je ne peux pas l'envisager;;;;Tout à fait d'accord
Une femme;79;;HSE;BUT2;Non;Oui;;;Locataire;;Oui;Non;Oui;Non;Oui;;;;;;;;;;;;;;;;;;;En dehors du SUAPS;Dans le cadre du SUAPS;Volley;;;;;;;1h ou moins;Non;Oui;;;;;;A Niort;;;;Autre;;;;;;;;;;Pratique libre;;1h;Non;S'amuser;;Oui sans trop de problème;;;;Moyennement d'accord
Un homme;Autre;973;GEA;BUT2;Non;Non;Non;Oui;Locataire;;Oui;Oui;Oui;Oui;Oui;;;;;;;;;;;;;;;;;;;Dans le cadre du SUAPS;En dehors du SUAPS;Futsal;Escalade;Volley;;;;;3h ou plus;Oui;Oui;Horaires;Lieux;Activités proposées;;;A Niort;;;;Gym, fitness, zumba...;Running, athlétisme;Yoga;;;;;;;;Club, association;;4h ou plus;Oui;Etre en forme;;Ce serait difficile;;;;Tout à fait d'accord
Un homme;86;;HSE;BUT2;Non;Non;Oui;Oui;Locataire;;Non;Non;Non;Non;Oui;;;;;;;;;;;;;;;;;;;Dans le cadre du SUAPS;En dehors du SUAPS;Badminton;;;;;;;2h;Non;Oui;;;;;;A Niort;;;;Sport de raquette;;;;;;;;;;Club, association;;3h;Non;Evacuer les tensions;;Ce serait difficile;;;;Tout à fait d'accord
Un homme;Autre;37;HSE;BUT2;Non;Oui;;;Locataire;;Non;Oui;Oui;Oui;Oui;;;;;;;;;;;;;;;;;;;Dans le cadre du SUAPS;En dehors du SUAPS;Musculation;;;;;;;2h;Oui;Oui;;;;;;Près de votre domicile familial;;;;Running, athlétisme;;;;;;;;;;Pratique libre;Club, association;2h;Non;Etre en forme;;Ce serait difficile;;;;Moyennement d'accord
Un homme;79;;HSE;BUT2;Non;Oui;;;Locataire;;Non;Oui;Oui;Oui;Oui;;;;;;;;;;;;;;;;;;;En dehors du SUAPS;;;;;;;;;;;;;;;;;A Niort;Près de votre domicile familial;;;Gym, fitness, zumba...;Running, athlétisme;;;;;;;;;Pratique libre;;4h ou plus;Non;Etre en forme;;Ce serait difficile;;;;Tout à fait d'accord
Un homme;17;;HSE;BUT2;Non;Non;Non;Non;Locataire;;Non;Oui;Oui;Oui;Oui;;;;;;;;;;;;;;;;;;;Dans le cadre du SUAPS;En dehors du SUAPS;Badminton;;;;;;;2h;Oui;Oui;;;;;;A Niort;Près de votre domicile familial;;;Sport de raquette;;;;;;;;;;Club, association;Pratique libre;4h ou plus;Oui;Etre en forme;;Je ne peux pas l'envisager;;;;Moyennement d'accord
Un homme;Autre;49;HSE;BUT2;Non;Non;Oui;Non;Locataire;;Non;Oui;Oui;Oui;Oui;;;;;;;;;;;;;;;;;;;Dans le cadre du SUAPS;En dehors du SUAPS;Volley;Escalade;;;;;;3h ou plus;Oui;Oui;;;;;;A Niort;;;;Gym, fitness, zumba...;;;;;;;;;;Pratique libre;;4h ou plus;Non;Etre en forme;;Je ne peux pas l'envisager;;;;Tout à fait d'accord
Une femme;Autre;72;HSE;BUT2;Non;Non;Non;Non;Locataire;;Non;Oui;Oui;Non;Non;Les activités proposées ne vous conviennent pas;;Oui;Gym, fitness, zumba...;;;;;;;;;;Difficultés financières;;Non;;;;;;;;;;;;;;;;;;;;Autre;;;financièrement;;;;;;;;;;;;;;;;;;;;Oui;Moyennement d'accord
Un homme;17;;HSE;BUT2;Non;Non;Non;Non;Locataire;;Non;Oui;Oui;Oui;Oui;;;;;;;;;;;;;;;;;;;En dehors du SUAPS;Dans le cadre du SUAPS;Volley;;;;;;;2h;Non;Oui;;;;;;Près de votre domicile familial;;;;Sport d'eau;;;;;;;;;;Club, association;;2h;Oui;Etre en forme;;Je ne peux pas l'envisager;;;;Tout à fait d'accord
Un homme;79;;HSE;BUT2;Non;Non;Non;Non;Locataire;;Non;Non;Oui;Oui;Oui;;;;;;;;;;;;;;;;;;;Dans le cadre du SUAPS;En dehors du SUAPS;Volley;;;;;;;2h;Non;Oui;;;;;;Près de votre domicile familial;;;;Football;;;;;;;;;;Club, association;;4h ou plus;Oui;Etre en forme;;Je ne peux pas l'envisager;;;;Tout à fait d'accord
Une femme;Autre;78;HSE;BUT2;Non;Oui;;;Locataire;;Non;Oui;Oui;Non;Oui;;;;;;;;;;;;;;;;;;;Dans le cadre du SUAPS;En dehors du SUAPS;Musculation;;;;;;;2h;Oui;Oui;;;;;;A Niort;Près de votre domicile familial;;;Gym, fitness, zumba...;Sport d'eau;Autre;;;;;;;equitation;Pratique libre;Club, association;4h ou plus;Non;Etre en forme;;Ce serait difficile;;;;Moyennement d'accord
Un homme;Autre;37;HSE;BUT2;Non;Oui;;;Locataire;;Non;Non;Oui;Oui;Oui;;;;;;;;;;;;;;;;;;;Dans le cadre du SUAPS;En dehors du SUAPS;Volley;;;;;;;2h;Oui;Oui;;;;;;A Niort;Près de votre domicile familial;;;Gym, fitness, zumba...;Autre;;;;;;;;Boxe, Patinage;Club, association;Pratique libre;4h ou plus;Non;Etre en forme;;Je ne peux pas l'envisager;;;;Tout à fait d'accord
Une femme;Autre;37;HSE;BUT2;Non;Oui;;;Locataire;;Non;Oui;Oui;Oui;Oui;;;;;;;;;;;;;;;;;;;En dehors du SUAPS;;;;;;;;;;;;;;;;;A Niort;Autre;;St mazaire;Gym, fitness, zumba...;Running, athlétisme;;;;;;;;;Club, association;Pratique libre;3h;Non;Etre en forme;;Ce serait difficile;;;;Tout à fait d'accord
Un homme;Autre;92;HSE;BUT2;Non;Oui;;;Locataire;;Oui;Oui;Oui;Oui;Oui;;;;;;;;;;;;;;;;;;;Dans le cadre du SUAPS;En dehors du SUAPS;Basket;Volley;;;;;;3h ou plus;Non;Oui;;;;;;A Niort;Près de votre domicile familial;;;Autre;;;;;;;;;Basket;Pratique libre;;2h;Non;S'amuser;;Ce serait difficile;;;;Tout à fait d'accord
Une femme;Autre;49;HSE;BUT3;Non;Oui;;;Locataire;;Non;Oui;Oui;Oui;Non;Vous n'avez pas envie de faire du sport;;Oui;Sport collectif autre que foot;;;;;;;;;;Manque de temps;;Non;;;;;;;;;;;;;;;;;;;;;;;;;;;;;;;;;;;;;;;;;Plus de temps;;Oui;Moyennement d'accord
Un homme;85;;HSE;BUT3;Non;Oui;;;Domicilié.e chez vos (ou un de vos ) parents;;Non;Oui;Oui;Oui;Oui;;;;;;;;;;;;;;;;;;;Dans le cadre du SUAPS;En dehors du SUAPS;Badminton;Musculation;;;;;;2h;Non;Oui;;;;;;Près de votre domicile familial;;;;Football;Sport de raquette;Running, athlétisme;;;;;;;;Club, association;Pratique libre;4h ou plus;Oui;Etre en forme;;Je ne peux pas l'envisager;;;;Tout à fait d'accord
Un homme;Autre;40;HSE;BUT3;Non;Oui;;;Locataire;;Non;Non;Oui;Oui;Oui;;;;;;;;;;;;;;;;;;;En dehors du SUAPS;;;;;;;;;;;;;;;;;A Niort;Près de votre domicile familial;;;Running, athlétisme;Autre;;;;;;;;Rugby;Club, association;Pratique libre;3h;Non;Etre en forme;;Je ne peux pas l'envisager;;;;Tout à fait d'accord
Un homme;86;;HSE;BUT3;Non;Oui;;;Locataire;;Non;Oui;Oui;Oui;Oui;;;;;;;;;;;;;;;;;;;En dehors du SUAPS;;;;;;;;;;;;;;;;;A Niort;Près de votre domicile familial;;;Football;Sport de raquette;Gym, fitness, zumba...;Running, athlétisme;;;;;;;Pratique libre;;2h;Non;Evacuer les tensions;;Je ne peux pas l'envisager;;;;Tout à fait d'accord
Un homme;Autre;72;HSE;BUT3;Non;Oui;;;Locataire;;Non;Oui;Oui;Oui;Oui;;;;;;;;;;;;;;;;;;;En dehors du SUAPS;;;;;;;;;;;;;;;;;A Niort;Près de votre domicile familial;;;Football;Gym, fitness, zumba...;;;;;;;;;Club, association;Pratique libre;4h ou plus;Oui;S'amuser;;Je ne peux pas l'envisager;;;;Moyennement d'accord
Une femme;Autre;;HSE;BUT3;Non;Oui;;;Locataire;;Non;Oui;Oui;Oui;Oui;;;;;;;;;;;;;;;;;;;Dans le cadre du SUAPS;En dehors du SUAPS;Musculation;;;;;;;2h;Oui;Oui;;;;;;A Niort;Près de votre domicile familial;;;Sport d'eau;Gym, fitness, zumba...;Running, athlétisme;;;;;;;;Pratique libre;;3h;Non;Etre en forme;;Je ne peux pas l'envisager;;;;Tout à fait d'accord
Une femme;Autre;72;HSE;BUT3;Non;Oui;;;Locataire;;Non;Non;Oui;Non;Oui;;;;;;;;;;;;;;;;;;;En dehors du SUAPS;;;;;;;;;;;;;;;;;A Niort;Près de votre domicile familial;;;Gym, fitness, zumba...;Sport d'eau;Running, athlétisme;;;;;;;;Pratique libre;;4h ou plus;Non;Etre en forme;;Je ne peux pas l'envisager;;;;Tout à fait d'accord
Une femme;Autre;44;HSE;BUT3;Non;Oui;;;Locataire;;Non;Oui;Oui;Oui;Oui;;;;;;;;;;;;;;;;;;;Dans le cadre du SUAPS;En dehors du SUAPS;Basket;Volley;Musculation;;;;;3h ou plus;Oui;Non;Lieux;;;;;A Niort;Près de votre domicile familial;;;Gym, fitness, zumba...;Running, athlétisme;;;;;;;;;Club, association;Pratique libre;4h ou plus;Non;Etre en forme;;Ce serait difficile;;;;Moyennement d'accord
Un homme;17;;HSE;BUT3;Non;Oui;;;Locataire;;Non;Oui;Oui;Oui;Oui;;;;;;;;;;;;;;;;;;;Dans le cadre du SUAPS;En dehors du SUAPS;Musculation;;;;;;;2h;Oui;Oui;;;;;;A Niort;;;;Gym, fitness, zumba...;Running, athlétisme;;;;;;;;;Club, association;;3h;Oui;S'amuser;;Je ne peux pas l'envisager;;;;Tout à fait d'accord
Un homme;Autre;49;HSE;BUT3;Non;Oui;;;Locataire;;Non;Non;Oui;Non;Non;Vous n'avez pas envie de faire du sport;;Non;;;;;;;;;;;;;;Pas d'envie;;;;;;;;;;;;;;;;;;;;;;;;;;;;;;;;;;;;;;;;Un problème de santé;;Non;Moyennement d'accord
Un homme;Autre;35;HSE;BUT3;Non;Oui;;;Locataire;;Non;Oui;Oui;Oui;Oui;;;;;;;;;;;;;;;;;;;Dans le cadre du SUAPS;En dehors du SUAPS;Basket;Volley;Escalade;Musculation;;;;3h ou plus;Non;Oui;;;;;;A Niort;Près de votre domicile familial;;;Gym, fitness, zumba...;Running, athlétisme;Cyclisme;;;;;;;;Pratique libre;;4h ou plus;Non;Etre en forme;;Je ne peux pas l'envisager;;;;Moyennement d'accord
Un homme;Autre;42;HSE;BUT3;Non;Oui;;;Locataire;;Non;Oui;Oui;Oui;Oui;;;;;;;;;;;;;;;;;;;Dans le cadre du SUAPS;En dehors du SUAPS;Escalade;;;;;;;2h;Oui;Oui;;;;;;A Niort;Près de votre domicile familial;;;Autre;;;;;;;;;Escalade;Club, association;;4h ou plus;Oui;Etre en forme;;Je ne peux pas l'envisager;;;;Tout à fait d'accord
Une femme;Autre;24;HSE;BUT3;Non;Oui;;;Locataire;;Non;Oui;Oui;Oui;Oui;;;;;;;;;;;;;;;;;;;En dehors du SUAPS;;;;;;;;;;;;;;;;;A Niort;;;;Gym, fitness, zumba...;Sport d'eau;Yoga;Autre;;;;;;Equitation;Club, association;Pratique libre;3h;Non;Evacuer les tensions;;Je ne peux pas l'envisager;;;;Tout à fait d'accord
Un homme;Autre;37;HSE;BUT2;Non;Non;Oui;Non;Locataire;;Non;Oui;Oui;Non;Oui;;;;;;;;;;;;;;;;;;;Dans le cadre du SUAPS;En dehors du SUAPS;Natation;Musculation;;;;;;3h ou plus;Oui;Oui;;;;;;A Niort;;;;Sport d'eau;;;;;;;;;;Pratique libre;;4h ou plus;Non;Etre en forme;;Ce serait difficile;;;;Pas vraiment d'accord
Un homme;Autre;44;HSE;BUT3;Non;Oui;;;Locataire;;Non;Oui;Oui;Oui;Oui;;;;;;;;;;;;;;;;;;;En dehors du SUAPS;;;;;;;;;;;;;;;;;A Niort;Près de votre domicile familial;;;Running, athlétisme;Autre;;;;;;;;Musculation;Pratique libre;;4h ou plus;Non;Autre;Objectif professionnel;Je ne peux pas l'envisager;;;;Tout à fait d'accord
Un homme;86;;HSE;BUT3;Non;Oui;;;Locataire;;Non;Non;Oui;Oui;Oui;;;;;;;;;;;;;;;;;;;En dehors du SUAPS;;;;;;;;;;;;Horaires;;;;;A Niort;;;;Running, athlétisme;;;;;;;;;;Pratique libre;;3h;Non;Etre en forme;;Ce serait difficile;;;;Tout à fait d'accord
Un homme;Autre;36;HSE;BUT3;Non;Oui;;;Locataire;;Non;Oui;Oui;Oui;Oui;;;;;;;;;;;;;;;;;;;En dehors du SUAPS;;;;;;;;;;;;;;;;;A Niort;Près de votre domicile familial;;;Running, athlétisme;Autre;;;;;;;;Salle de sport;Pratique libre;;4h ou plus;Non;Etre en forme;;Je ne peux pas l'envisager;;;;Tout à fait d'accord
Un homme;86;;HSE;BUT3;Non;Oui;;;Locataire;;Non;Oui;Oui;Oui;Oui;;;;;;;;;;;;;;;;;;;En dehors du SUAPS;;;;;;;;;;;;;;;;;Près de votre domicile familial;A Niort;;;Football;Running, athlétisme;;;;;;;;;Pratique libre;;3h;Non;Etre en forme;;Je ne peux pas l'envisager;;;;Tout à fait d'accord
Un homme;Autre;49;HSE;BUT3;Non;Oui;;;Locataire;;Non;Oui;Oui;Oui;Oui;;;;;;;;;;;;;;;;;;;En dehors du SUAPS;;;;;;;;;;;;;;;;;A Niort;Près de votre domicile familial;;;Sport d'eau;Running, athlétisme;;;;;;;;;Pratique libre;;3h;Non;S'amuser;;Je ne peux pas l'envisager;;;;Tout à fait d'accord
Une femme;86;;HSE;BUT3;Non;Oui;;;Locataire;;Non;Oui;Oui;Oui;Oui;;;;;;;;;;;;;;;;;;;En dehors du SUAPS;;;;;;;;;;;;;;;;;Près de votre domicile familial;;;;Running, athlétisme;Cyclisme;;;;;;;;;Pratique libre;;3h;Non;Etre en forme;;Ce serait difficile;;;;Tout à fait d'accord
Un homme;Autre;33;HSE;BUT3;Non;Oui;;;Locataire;;Non;Non;Oui;Non;Oui;;;;;;;;;;;;;;;;;;;En dehors du SUAPS;;;;;;;;;;;;;;;;;Près de votre domicile familial;;;;Autre;;;;;;;;;Salle de sport;Pratique libre;;2h;Non;Evacuer les tensions;;Oui sans trop de problème;;;;Pas vraiment d'accord
Une femme;Autre;33;HSE;BUT3;Non;Oui;;;Locataire;;Oui;Oui;Oui;Non;Non;Les horaires sont inadaptés;;Oui;Sport collectif autre que foot;Running, athlétisme;;;;;;;;;Manque de temps;;Non;;;;;;;;;;;;;;;;;;;;;;;;;;;;;;;;;;;;;;;;;Plus de temps;;Oui;Tout à fait d'accord
Un homme;Autre;33;HSE;BUT3;Non;Oui;;;Locataire;;Non;Oui;Oui;Non;Non;Les horaires sont inadaptés;;Oui;Sport de raquette;;;;;;;;;;Plus d'envie;;Non;;;;;;;;;;;;;;;;;;;;;;;;;;;;;;;;;;;;;;;;;Plus de temps;;Oui;Tout à fait d'accord
Une femme;Autre;49;HSE;BUT3;Oui;Oui;;;Locataire;;Non;Oui;Oui;Non;Oui;;;;;;;;;;;;;;;;;;;En dehors du SUAPS;;;;;;;;;;;;;;;;;A Niort;Près de votre domicile familial;;;Gym, fitness, zumba...;Autre;;;;;;;;Pilate;Pratique libre;;3h;Non;Evacuer les tensions;;Ce serait difficile;;;;Tout à fait d'accord
Une femme;Autre;47;HSE;BUT3;Non;Oui;;;Locataire;;Non;Oui;Oui;Oui;Oui;;;;;;;;;;;;;;;;;;;En dehors du SUAPS;;;;;;;;;;;;;;;;;Près de votre domicile familial;;;;Sport collectif auttre que foot;;;;;;;;;;Club, association;;3h;Non;Etre en forme;;Je ne peux pas l'envisager;;;;Tout à fait d'accord
Un homme;Autre;50;HSE;BUT3;Non;Oui;;;Locataire;;Non;Non;Oui;Oui;Non;Les activités proposées ne vous conviennent pas;;Oui;Autre;;;;;;;;;Sport de combat;Manque de temps;;Non;;;;;;;;;;;;;;;;;;;;;;;;;;;;;;;;;;;;;;;;;Plus de temps;;Oui;Tout à fait d'accord
Un homme;Autre;44;HSE;BUT3;Non;Oui;;;Locataire;;Oui;Oui;Oui;Oui;Oui;;;;;;;;;;;;;;;;;;;En dehors du SUAPS;;;;;;;;;;;;;;;;;A Niort;Près de votre domicile familial;;;Autre;;;;;;;;;Musculation;Pratique libre;;4h ou plus;Non;Evacuer les tensions;;Je ne peux pas l'envisager;;;;Tout à fait d'accord
Un homme;Autre;45;HSE;BUT3;Non;Oui;;;Locataire;;Non;Non;Oui;Non;Non;Vous n'avez pas envie de faire du sport;;Oui;Cyclisme;;;;;;;;;;Plus d'envie;;Non;;;;;;;;;;;;;;;;;;;;;;;;;;;;;;;;;;;;;;;;;Un problème de santé;;Oui;Tout à fait d'accord
Un homme;17;;HSE;BUT3;Oui;Oui;;;Locataire;;Non;Non;Non;Non;Oui;;;;;;;;;;;;;;;;;;;En dehors du SUAPS;;;;;;;;;;;;;;;;;Autre;;;Tennis;;;;;;;;;;;Pratique libre;;2h;Non;Etre en forme;;Je ne peux pas l'envisager;;;;Moyennement d'accord
Un homme;Autre;49;HSE;BUT3;Non;Oui;;;Locataire;;Non;Oui;Oui;Oui;Oui;;;;;;;;;;;;;;;;;;;En dehors du SUAPS;;;;;;;;;;;;;;;;;Près de votre domicile familial;A Niort;;;Football;Autre;;;;;;;;Musculation;Club, association;Pratique libre;4h ou plus;Oui;Etre en forme;;Je ne peux pas l'envisager;;;;Tout à fait d'accord
Un homme;Autre;37;HSE;BUT3;Non;Oui;;;Locataire;;Non;Oui;Oui;Non;Oui;;;;;;;;;;;;;;;;;;;En dehors du SUAPS;;;;;;;;;;;;;;;;;A Niort;Près de votre domicile familial;;;Gym, fitness, zumba...;Autre;;;;;;;;Basketball;;;4h ou plus;Non;Etre en forme;;Ce serait difficile;;;;Tout à fait d'accord
Un homme;17;;HSE;BUT3;Non;Oui;;;Locataire;;Non;Non;Oui;Non;Oui;;;;;;;;;;;;;;;;;;;Dans le cadre du SUAPS;En dehors du SUAPS;Basket;Volley;Badminton;;;;;3h ou plus;Oui;Oui;;;;;;Autre;;;Blois;Sport collectif auttre que foot;Cyclisme;;;;;;;;;Pratique libre;;3h;Non;S'amuser;;Ce serait difficile;;;;Tout à fait d'accord
Un homme;Autre;44;HSE;BUT3;Non;Oui;;;Locataire;;Oui;Oui;Oui;Oui;Oui;;;;;;;;;;;;;;;;;;;En dehors du SUAPS;;;;;;;;;;;;;;;;;A Niort;Près de votre domicile familial;;;Gym, fitness, zumba...;Running, athlétisme;;;;;;;;;Pratique libre;;4h ou plus;Non;Etre en forme;;Ce serait difficile;;;;Tout à fait d'accord
Un homme;Autre;45;HSE;Licence Pro;Non;Oui;;;Locataire;;Non;Oui;Oui;Oui;Oui;;;;;;;;;;;;;;;;;;;En dehors du SUAPS;;;;;;;;;;;;;;;;;A Niort;Autre;;lieu d'alternance;Sport d'eau;Running, athlétisme;;;;;;;;;Pratique libre;;2h;Non;Etre en forme;;Je ne peux pas l'envisager;;;;Tout à fait d'accord
Un homme;Autre;11;HSE;Licence Pro;Non;Oui;;;Locataire;;Non;Oui;Oui;Oui;Oui;;;;;;;;;;;;;;;;;;;En dehors du SUAPS;;;;;;;;;;;;;;;;;A Niort;Près de votre domicile familial;;;Sport d'eau;Running, athlétisme;Gym, fitness, zumba...;;;;;;;;Pratique libre;;3h;Non;Evacuer les tensions;;Je ne peux pas l'envisager;;;;Pas vraiment d'accord
Une femme;Autre;41;HSE;Licence Pro;Non;Oui;;;Locataire;;Non;Oui;Oui;Non;Oui;;;;;;;;;;;;;;;;;;;En dehors du SUAPS;;;;;;;;;;;;;;;;;A Niort;Près de votre domicile familial;;;Gym, fitness, zumba...;Running, athlétisme;;;;;;;;;Club, association;Pratique libre;2h;Non;Evacuer les tensions;;Ce serait difficile;;;;Tout à fait d'accord
Une femme;Autre;41;HSE;Licence Pro;Non;Oui;;;Locataire;;Non;Oui;Oui;Non;Oui;;;;;;;;;;;;;;;;;;;En dehors du SUAPS;;;;;;;;;;;;;;;;;Près de votre domicile familial;A Niort;;;Gym, fitness, zumba...;Running, athlétisme;Cyclisme;Autre;;;;;;Marche;Pratique libre;;4h ou plus;Non;Etre en forme;;Ce serait difficile;;;;Tout à fait d'accord
Une femme;Autre;71;HSE;Licence Pro;Non;Oui;;;Locataire;;Non;Non;Oui;Non;Oui;;;;;;;;;;;;;;;;;;;En dehors du SUAPS;;;;;;;;;;;;;;;;;A Niort;Près de votre domicile familial;Autre;Ambert;Sport d'eau;Running, athlétisme;Autre;;;;;;;Équitation;Club, association;Pratique libre;3h;Non;S'amuser;;Ce serait difficile;;;;Tout à fait d'accord
Un homme;Autre;83;HSE;Licence Pro;Non;Non;Oui;Non;Locataire;;Non;Oui;Oui;Oui;Oui;;;;;;;;;;;;;;;;;;;En dehors du SUAPS;;;;;;;;;;;;;;;;;A Niort;Autre;;Dans mon département d'origine;Sport d'eau;Running, athlétisme;Autre;;;;;;;Reforcement musculaire;Club, association;Pratique libre;4h ou plus;Non;Etre en forme;;Je ne peux pas l'envisager;;;;Tout à fait d'accord
Une femme;Autre;76;HSE;Licence Pro;Non;Oui;;;Locataire;;Non;Oui;Oui;Oui;Oui;;;;;;;;;;;;;;;;;;;En dehors du SUAPS;;;;;;;;;;;;;;;;;A Niort;Près de votre domicile familial;;;Football;Sport d'eau;Running, athlétisme;Autre;;;;;;Musculation;Pratique libre;;4h ou plus;Non;Etre en forme;;Ce serait difficile;;;;Tout à fait d'accord
Une femme;85;;HSE;Licence Pro;Non;Oui;;;Locataire;;Non;Oui;Oui;Oui;Oui;;;;;;;;;;;;;;;;;;;En dehors du SUAPS;;;;;;;;;;;;;;;;;Près de votre domicile familial;;;;Running, athlétisme;Cyclisme;;;;;;;;;Pratique libre;;3h;Non;Etre en forme;;Ce serait difficile;;;;Tout à fait d'accord
Une femme;79;;HSE;Licence Pro;Non;Oui;;;Locataire;;Non;Oui;Oui;Oui;Oui;;;;;;;;;;;;;;;;;;;En dehors du SUAPS;;;;;;;;;;;;;;;;;Autre;;;La Rochelle;Sport collectif auttre que foot;;;;;;;;;;Club, association;;4h ou plus;Oui;Etre en forme;;Je ne peux pas l'envisager;;;;Tout à fait d'accord
Un homme;Autre;22;HSE;Licence Pro;Non;Non;Oui;Oui;Locataire;;Oui;Oui;Oui;Non;Oui;;;;;;;;;;;;;;;;;;;En dehors du SUAPS;;;;;;;;;;;;;;;;;A Niort;Près de votre domicile familial;;;Sport collectif auttre que foot;Running, athlétisme;Gym, fitness, zumba...;;;;;;;;Pratique libre;;4h ou plus;Non;Autre;Préparation projet professionel;Ce serait difficile;;;;Tout à fait d'accord
Une femme;Autre;80;;Licence Pro;Non;Oui;;;Locataire;;Non;Oui;Oui;Oui;Oui;;;;;;;;;;;;;;;;;;;En dehors du SUAPS;;;;;;;;;;;;;;;;;A Niort;;;;Sport d'eau;Running, athlétisme;;;;;;;;;Pratique libre;;2h;Non;Etre en forme;;Ce serait difficile;;;;Tout à fait d'accord
Un homme;Autre;16;HSE;Licence Pro;Non;Oui;;;Locataire;;Non;Oui;Oui;Oui;Oui;;;;;;;;;;;;;;;;;;;En dehors du SUAPS;;;;;;;;;;;;;;;;;A Niort;Près de votre domicile familial;;;Sport d'eau;Running, athlétisme;;;;;;;;;Pratique libre;;4h ou plus;Oui;Etre en forme;;Je ne peux pas l'envisager;;;;Tout à fait d'accord
Un homme;Autre;43;HSE;Licence Pro;Oui;Oui;;;Locataire;;Non;Oui;Oui;Oui;Oui;;;;;;;;;;;;;;;;;;;En dehors du SUAPS;;;;;;;;;;;;;;;;;A Niort;;;;Sport d'eau;Running, athlétisme;Autre;;;;;;;Crossfit;Pratique libre;;4h ou plus;Non;Evacuer les tensions;;Je ne peux pas l'envisager;;;;Tout à fait d'accord
Un homme;Autre;49;HSE;Licence Pro;Non;Oui;;;Autre;Chez mon frère;Non;Oui;Oui;Oui;Oui;;;;;;;;;;;;;;;;;;;En dehors du SUAPS;;;;;;;;;;;;;;;;;Près de votre domicile familial;;;;Football;;;;;;;;;;Club, association;;4h ou plus;Oui;Etre en forme;;Je ne peux pas l'envisager;;;;Tout à fait d'accord
Un homme;Autre;76;HSE;Licence Pro;Non;Oui;;;Autre;Collocataire;Non;Oui;Oui;Non;Oui;;;;;;;;;;;;;;;;;;;En dehors du SUAPS;;;;;;;;;;;;;;;;;A Niort;;;;Running, athlétisme;;;;;;;;;;Pratique libre;;4h ou plus;Non;Etre en forme;;Ce serait difficile;;;;Moyennement d'accord
Un homme;Autre;62;HSE;Licence Pro;Non;Oui;;;Locataire;;Non;Oui;Oui;Oui;Oui;;;;;;;;;;;;;;;;;;;En dehors du SUAPS;;;;;;;;;;;;;;;;;A Niort;Près de votre domicile familial;;;Sport d'eau;Running, athlétisme;Cyclisme;;;;;;;;Pratique libre;;3h;Non;Etre en forme;;Ce serait difficile;;;;Tout à fait d'accord
Un homme;79;;GEA;Licence Pro;Non;Oui;;;Domicilié.e chez vos (ou un de vos ) parents;;Non;Oui;Oui;Oui;Oui;;;;;;;;;;;;;;;;;;;En dehors du SUAPS;;;;;;;;;;;;;;;;;A Niort;;;;Gym, fitness, zumba...;Autre;;;;;;;;Taekwondo;Club, association;;4h ou plus;Non;Etre en forme;;Je ne peux pas l'envisager;;;;Tout à fait d'accord
Un homme;79;;GEA;Licence Pro;Non;Oui;;;Locataire;;Oui;Oui;Oui;Non;Oui;;;;;;;;;;;;;;;;;;;En dehors du SUAPS;;;;;;;;;;;;;;;;;A Niort;;;;Gym, fitness, zumba...;Sport d'eau;;;;;;;;;Pratique libre;;1h;Non;Etre en forme;;Oui sans trop de problème;;;;Moyennement d'accord
Une femme;79;;GEA;Licence Pro;Non;Oui;;;Domicilié.e chez vos (ou un de vos ) parents;;Non;Oui;Oui;Oui;Oui;;;;;;;;;;;;;;;;;;;En dehors du SUAPS;;;;;;;;;;;;;;;;;Près de votre domicile familial;;;;Gym, fitness, zumba...;;;;;;;;;;Pratique libre;;3h;Non;S'amuser;;Ce serait difficile;;;;Tout à fait d'accord
Une femme;79;;GEA;Licence Pro;Non;Oui;;;Domicilié.e chez vos (ou un de vos ) parents;;Non;Non;Oui;Oui;Oui;;;;;;;;;;;;;;;;;;;En dehors du SUAPS;;;;;;;;;;;;;;;;;A Niort;;;;Gym, fitness, zumba...;;;;;;;;;;Pratique libre;;4h ou plus;Non;Evacuer les tensions;;Ce serait difficile;;;;Tout à fait d'accord
Une femme;79;;GEA;Licence Pro;Oui;Oui;;;Locataire;;Non;Oui;Oui;Oui;Oui;;;;;;;;;;;;;;;;;;;En dehors du SUAPS;;;;;;;;;;;;;;;;;Près de votre domicile familial;;;;Gym, fitness, zumba...;;;;;;;;;;Pratique libre;;4h ou plus;Non;Evacuer les tensions;;Je ne peux pas l'envisager;;;;Tout à fait d'accord
Un homme;79;;GEA;Licence Pro;Non;Oui;;;Locataire;;Non;Non;Oui;Oui;Oui;;;;;;;;;;;;;;;;;;;En dehors du SUAPS;;;;;;;;;;;;;;;;;A Niort;;;;Sport collectif auttre que foot;;;;;;;;;;Club, association;;4h ou plus;Oui;Autre;haut niveau;Je ne peux pas l'envisager;;;;Tout à fait d'accord
Une femme;17;;GEA;Licence Pro;Oui;Oui;;;Locataire;;Non;Oui;Oui;Oui;Oui;;;;;;;;;;;;;;;;;;;En dehors du SUAPS;;;;;;;;;;;;;;;;;Près de votre domicile familial;;;;Gym, fitness, zumba...;;;;;;;;;;Pratique libre;;2h;Non;Etre en forme;;Ce serait difficile;;;;Moyennement d'accord
Une femme;79;;GEA;Licence Pro;Non;Oui;;;Domicilié.e chez vos (ou un de vos ) parents;;Oui;Oui;Non;Non;Oui;;;;;;;;;;;;;;;;;;;En dehors du SUAPS;;;;;;;;;;;;;;;;;A Niort;;;;Autre;;;;;;;;;Musculation;Pratique libre;;4h ou plus;Non;Etre en forme;;Ce serait difficile;;;;Tout à fait d'accord
Un homme;79;;GEA;Licence Pro;Non;Oui;;;Domicilié.e chez vos (ou un de vos ) parents;;Oui;Oui;Oui;Oui;Oui;;;;;;;;;;;;;;;;;;;En dehors du SUAPS;;;;;;;;;;;;;;;;;A Niort;;;;Football;Running, athlétisme;;;;;;;;;Club, association;Pratique libre;4h ou plus;Oui;Evacuer les tensions;;Je ne peux pas l'envisager;;;;Moyennement d'accord
Un homme;79;;GEA;Licence Pro;Non;Oui;;;Domicilié.e chez vos (ou un de vos ) parents;;Non;Oui;Oui;Oui;Oui;;;;;;;;;;;;;;;;;;;En dehors du SUAPS;;;;;;;;;;;;;;;;;Près de votre domicile familial;;;;Autre;;;;;;;;;Musculation;Pratique libre;;4h ou plus;Non;S'amuser;;Je ne peux pas l'envisager;;;;Tout à fait d'accord
Un homme;79;;GEA;Licence Pro;Non;Oui;;;Domicilié.e chez vos (ou un de vos ) parents;;Non;Oui;Oui;Oui;Oui;;;;;;;;;;;;;;;;;;;En dehors du SUAPS;;;;;;;;;;;;;;;;;Près de votre domicile familial;;;;Gym, fitness, zumba...;;;;;;;;;;Club, association;;3h;Oui;Etre en forme;;Oui sans trop de problème;;;;Tout à fait d'accord
Une femme;79;;GEA;Licence Pro;Non;Oui;;;Locataire;;Non;Oui;Oui;Non;Oui;;;;;;;;;;;;;;;;;;;En dehors du SUAPS;;;;;;;;;;;;;;;;;A Niort;;;;Autre;;;;;;;;;Musculation;Pratique libre;;4h ou plus;Non;Evacuer les tensions;;Ce serait difficile;;;;Tout à fait d'accord
Un homme;79;;GEA;Licence Pro;Oui;Oui;;;Domicilié.e chez vos (ou un de vos ) parents;;Non;Non;Oui;Non;Non;Vous n'avez pas envie de faire du sport;;Oui;Football;Sport collectif autre que foot;;;;;;;;;Manque de temps;;Oui;;;;;;;;;;;;;;;;;;;;;;;;;;;;;;;;;;;;;;;;;Plus de temps;;Non;Moyennement d'accord
Un homme;79;;GEA;Licence Pro;Non;Oui;;;Domicilié.e chez vos (ou un de vos ) parents;;Non;Oui;Oui;Oui;Oui;;;;;;;;;;;;;;;;;;;En dehors du SUAPS;;;;;;;;;;;;;;;;;A Niort;;;;Gym, fitness, zumba...;;;;;;;;;;Pratique libre;;4h ou plus;Non;Etre en forme;;Ce serait difficile;;;;Tout à fait d'accord
Une femme;79;;GEA;Licence Pro;Non;Oui;;;Locataire;;Oui;Oui;Oui;Non;Non;Les horaires sont inadaptés;;Oui;Autre;;;;;;;;;Equitation;Difficultés financières;;Oui;;;;;;;;;;;;;;;;;;;;;;;;;;;;;;;;;;;;;;;;;Plus de temps;;Oui;Tout à fait d'accord
Une femme;79;;GEA;Licence Pro;Non;Oui;;;Locataire;;Oui;Non;Oui;Non;Non;Vous n'avez pas envie de faire du sport;;Oui;Running, athlétisme;;;;;;;;;;Manque de temps;;Non;;;;;;;;;;;;;;;;;;;;;;;;;;;;;;;;;;;;;;;;;Plus de temps;;Oui;Moyennement d'accord
Un homme;17;;GEA;BUT1;Non;Non;Non;Non;Locataire;;Non;Oui;Oui;Oui;Oui;;;;;;;;;;;;;;;;;;;En dehors du SUAPS;;;;;;;;;;;;;;;;;Autre;;;Rochefort(17);Sport d'eau;Autre;;;;;;;;Golf;Club, association;;4h ou plus;Oui;S'amuser;;Je ne peux pas l'envisager;;;;Tout à fait d'accord
Une femme;17;;GEA;BUT1;Non;Oui;;;Locataire;;Non;Oui;Oui;Non;Non;Vous n'avez pas envie de faire du sport;;Oui;Sport collectif autre que foot;;;;;;;;;;Plus d'envie;;Non;;;;;;;;;;;;;;;;;;;;;;;;;;;;;;;;;;;;;;;;;Plus de temps;;Oui;Pas vraiment d'accord
Un homme;17;;GEA;BUT1;Non;Non;Oui;Non;Locataire;;Non;Non;Oui;Oui;Non;Les activités proposées ne vous conviennent pas;;Oui;Football;Running, athlétisme;;;;;;;;;Manque de temps;;Non;;;;;;;;;;;;;;;;;;;;;;;;;;;;;;;;;;;;;;;;;Plus de temps;;Oui;Tout à fait d'accord
Un homme;Autre;35;GEA;BUT1;Non;Non;Non;Non;Locataire;;Non;Non;Oui;Non;Non;Les horaires sont inadaptés;;Oui;Football;Sport collectif autre que foot;Sport de raquette;Sport d'eau;Running, athlétisme;;;;;;Plus d'envie;;Non;;;;;;;;;;;;;;;;;;;;;;;;;;;;;;;;;;;;;;;;;Un problème de santé;;Oui;Pas vraiment d'accord
Une femme;Autre;37;GEA;BUT1;Non;Non;Oui;Oui;Locataire;;Non;Oui;Oui;Non;Oui;;;;;;;;;;;;;;;;;;;En dehors du SUAPS;;;;;;;;;;;;;;;;;A Niort;;;;Running, athlétisme;Yoga;;;;;;;;;Pratique libre;;2h;Non;Etre en forme;;Ce serait difficile;;;;Tout à fait d'accord
Un homme;79;;GEA;BUT1;Oui;Non;Non;Oui;Locataire;;Non;Oui;Oui;Oui;Oui;;;;;;;;;;;;;;;;;;;En dehors du SUAPS;;;;;;;;;;;;;;;;;Près de votre domicile familial;;;;Football;Sport de raquette;Gym, fitness, zumba...;;;;;;;;Club, association;;4h ou plus;Oui;Etre en forme;;Je ne peux pas l'envisager;;;;Tout à fait d'accord
Un homme;17;;GEA;BUT1;Non;Non;Oui;Non;Locataire;;Non;Oui;Oui;Oui;Oui;;;;;;;;;;;;;;;;;;;En dehors du SUAPS;;;;;;;;;;;;;;;;;A Niort;Près de votre domicile familial;;;Autre;;;;;;;;;Basket;Club, association;Pratique libre;4h ou plus;Oui;Etre en forme;;Je ne peux pas l'envisager;;;;Tout à fait d'accord
Un homme;79;;GEA;BUT1;Non;Non;Oui;Non;Domicilié.e chez vos (ou un de vos ) parents;;Non;Non;Oui;Non;Non;Autre;Pas envie, sans connaissances;Oui;Sport de raquette;Sport collectif autre que foot;;;;;;;;;Manque de temps;;Oui;;;;;;;;;;;;;;;;;;;;;;;;;;;;;;;;;;;;;;;;;Plus de temps;;Non;Moyennement d'accord
Une femme;79;;GEA;BUT1;Non;Non;Non;Non;Domicilié.e chez vos (ou un de vos ) parents;;Non;Oui;Oui;Non;Non;Les horaires sont inadaptés;;Oui;Sport collectif autre que foot;;;;;;;;;;Manque de temps;;Oui;;;;;;;;;;;;;;;;;;;;;;;;;;;;;;;;;;;;;;;;;Plus de temps;;Oui;Tout à fait d'accord
Une femme;17;;GEA;BUT1;Non;Non;Non;Non;Locataire;;Non;Non;Oui;Non;Non;Vous n'avez pas envie de faire du sport;;Oui;Autre;;;;;;;;;roller artistique;Manque de temps;;Non;Manque de temps;;;;;;;;;;;;;;;;;;;;;;;;;;;;;;;;;;;;;;;;Plus de temps;;Oui;Tout à fait d'accord
Un homme;85;;GEA;BUT1;Non;Non;Oui;Non;Locataire;;Non;Oui;Oui;Oui;Non;Les horaires sont inadaptés;;Oui;Football;Sport de raquette;;;;;;;;;Manque de temps;;Oui;;;;;;;;;;;;;;;;;;;;;;;;;;;;;;;;;;;;;;;;;Plus de temps;;Oui;Tout à fait d'accord
Un homme;17;;GEA;BUT1;Non;Non;Oui;Oui;Domicilié.e chez vos (ou un de vos ) parents;;Non;Non;Oui;Oui;Oui;;;;;;;;;;;;;;;;;;;En dehors du SUAPS;;;;;;;;;;;;;;;;;A Niort;;;;Football;;;;;;;;;;Club, association;;3h;Oui;S'amuser;;Ce serait difficile;;;;Moyennement d'accord
Un homme;17;;GEA;BUT1;Non;Non;Non;Non;Locataire;;Oui;Non;Oui;Oui;Oui;;;;;;;;;;;;;;;;;;;En dehors du SUAPS;Dans le cadre du SUAPS;Volley;;;;;;;2h;Non;Oui;;;;;;Près de votre domicile familial;;;;Sport collectif auttre que foot;;;;;;;;;;Club, association;;4h ou plus;Oui;Etre en forme;;Ce serait difficile;;;;Moyennement d'accord
Un homme;17;;GEA;BUT1;Non;Non;Oui;Non;Locataire;;Non;Non;Oui;Non;Non;Vous n'avez pas envie de faire du sport;;Oui;Sport collectif autre que foot;;;;;;;;;;Plus d'envie;;Non;;;;;;;;;;;;;;;;;;;;;;;;;;;;;;;;;;;;;;;;;Un problème de santé;;Oui;Moyennement d'accord
Un homme;79;;GEA;BUT1;Oui;Non;Oui;Non;Domicilié.e chez vos (ou un de vos ) parents;;Non;Non;Oui;Oui;Oui;;;;;;;;;;;;;;;;;;;Dans le cadre du SUAPS;En dehors du SUAPS;Futsal;;;;;;;2h;Non;Oui;;;;;;Près de votre domicile familial;;;;Football;;;;;;;;;;Club, association;;4h ou plus;Oui;S'amuser;;Ce serait difficile;;;;Moyennement d'accord
Une femme;79;;GEA;BUT1;Oui;Non;Non;Oui;Domicilié.e chez vos (ou un de vos ) parents;;Non;Oui;Oui;Non;Non;Les horaires sont inadaptés;;Oui;Gym, fitness, zumba...;;;;;;;;;;Manque de temps;;Non;;;;;;;;;;;;;;;;;;;;;;;;;;;;;;;;;;;;;;Etre en forme;;Ce serait difficile;Plus de temps;;Oui;Tout à fait d'accord
Une femme;85;;GEA;BUT1;Non;Non;Non;Non;Locataire;;Non;Oui;Oui;Non;Oui;;;;;;;;;;;;;;;;;;;En dehors du SUAPS;;;;;;;;;;;;;;;;;Près de votre domicile familial;;;;Gym, fitness, zumba...;;;;;;;;;;Club, association;;2h;Oui;S'amuser;;Ce serait difficile;;;;Tout à fait d'accord
Un homme;79;;GEA;BUT1;Oui;Non;Oui;Oui;Domicilié.e chez vos (ou un de vos ) parents;;Non;Non;Oui;Non;Non;Autre;Je n'ai pas le temps;Oui;Sport d'eau;;;;;;;;;;Manque de temps;;Non;;;;;;;;;;;;;;;;;;;;;;;;;;;;;;;;;;;;;;;;;;;;Tout à fait d'accord
Une femme;85;;GEA;BUT1;Non;Non;Non;Oui;Autre;;Non;Non;Oui;Non;Oui;;;;;;;;;;;;;;;;;;;En dehors du SUAPS;;;;;;;;;;;;;;;;;A Niort;;;;Autre;;;;;;;;;salle de sport;Pratique libre;;3h;Non;Etre en forme;;Oui sans trop de problème;;;;Moyennement d'accord
Un homme;85;;GEA;BUT1;Non;Non;Oui;Non;Locataire;;Oui;Oui;Oui;Oui;Non;Les activités proposées ne vous conviennent pas;;Oui;Running, athlétisme;;;;;;;;;;Manque de temps;;Non;;;Dans le cadre du SUAPS;En dehors du SUAPS;;;;;;;;1h ou moins;Non;Non;Horaires;Lieux;Activités proposées;;;Près de votre domicile familial;;;;Running, athlétisme;;;;;;;;;;Club, association;;4h ou plus;Oui;Etre en forme;;Ce serait difficile;Plus de temps;;Oui;Tout à fait d'accord
Un homme;17;;GEA;BUT1;Non;Non;Non;Non;Locataire;;Oui;Non;Oui;Oui;Oui;;;;;;;;;;;;;;;;;;;Dans le cadre du SUAPS;En dehors du SUAPS;Futsal;;;;;;;2h;Non;Oui;;;;;;A Niort;Près de votre domicile familial;;;Football;Running, athlétisme;Autre;;;;;;;salle de sport;Club, association;;4h ou plus;Oui;Etre en forme;;Je ne peux pas l'envisager;;;;Tout à fait d'accord
Un homme;79;;GEA;BUT1;Non;Non;Non;Non;Domicilié.e chez vos (ou un de vos ) parents;;Non;Oui;Oui;Oui;Oui;;;;;;;;;;;;;;;;;;;Dans le cadre du SUAPS;En dehors du SUAPS;Futsal;;;;;;;3h ou plus;Oui;Oui;Autre;;;;pas assez d'aides financières pour les déplacements, logements;Autre;;;Chauray;Football;;;;;;;;;;Club, association;;4h ou plus;Oui;Etre en forme;;Je ne peux pas l'envisager;;;;Moyennement d'accord
Une femme;79;;GEA;BUT1;Non;Non;Non;Non;Domicilié.e chez vos (ou un de vos ) parents;;Non;Oui;Oui;Oui;Oui;;;;;;;;;;;;;;;;;;;En dehors du SUAPS;;;;;;;;;;;;;;;;;A Niort;;;;Autre;;;;;;;;;Musculation;Pratique libre;;4h ou plus;Non;Evacuer les tensions;;Je ne peux pas l'envisager;;;;Tout à fait d'accord
Un homme;Autre;44;GEA;BUT1;Non;Non;Oui;Non;Locataire;;Oui;Non;Oui;Oui;Oui;;;Oui;Football;Sport collectif autre que foot;Sport de raquette;Sport d'eau;;;;;;;Manque de temps;;Oui;;;Dans le cadre du SUAPS;En dehors du SUAPS;Basket;;;;;;;2h;Oui;;;;;;;A Niort;;;;Sport collectif auttre que foot;;;;;;;;;;Pratique libre;;3h;Non;Etre en forme;;Ce serait difficile;Plus de temps;;Oui;Moyennement d'accord
Un homme;79;;GEA;BUT1;Non;Non;Oui;Non;Domicilié.e chez vos (ou un de vos ) parents;;Non;Oui;Oui;Non;Non;Les activités proposées ne vous conviennent pas;;Non;;;;;;;;;;;;;;Pas d'envie;;;;;;;;;;;;;;;;;;;;;;;;;;;;;;;;;;;;;;;;Plus de temps;;Oui;Moyennement d'accord
Un homme;Autre;33;GEA;BUT1;Non;Non;Oui;Non;Locataire;;Non;Oui;Oui;Oui;Oui;;;;;;;;;;;;;;;;;;;Dans le cadre du SUAPS;En dehors du SUAPS;Badminton;;;;;;;2h;Non;Oui;;;;;;A Niort;;;;Gym, fitness, zumba...;;;;;;;;;;Pratique libre;;4h ou plus;Non;Etre en forme;;Ce serait difficile;;;;Tout à fait d'accord
Un homme;79;;GEA;BUT1;Non;Non;Oui;Non;Domicilié.e chez vos (ou un de vos ) parents;;Non;Oui;Oui;Oui;Oui;;;;;;;;;;;;;;;;;;;Dans le cadre du SUAPS;En dehors du SUAPS;Badminton;;;;;;;2h;Oui;Oui;;;;;;Près de votre domicile familial;;;;Sport collectif auttre que foot;Sport de raquette;;;;;;;;;Club, association;;3h;Oui;S'amuser;;Ce serait difficile;;;;Moyennement d'accord
Un homme;17;;GEA;BUT1;Non;Non;Non;Non;Locataire;;Non;Oui;Oui;Oui;Oui;;;;;;;;;;;;;;;;;;;En dehors du SUAPS;;;;;;;;;;;;;;;;;;;;;;;;;;;;;;;;;;Oui;S'amuser;;Je ne peux pas l'envisager;;;;Tout à fait d'accord
Un homme;79;;GEA;BUT1;Non;Non;Non;Non;Domicilié.e chez vos (ou un de vos ) parents;;Non;Non;Oui;Non;;;;Oui;;;;;;;;;;;;;;;;En dehors du SUAPS;;;;;;;;;;;;;;;;;Près de votre domicile familial;;;;Running, athlétisme;;;;;;;;;;Pratique libre;;1h;Non;Etre en forme;;Oui sans trop de problème;;;;Tout à fait d'accord
Une femme;79;;GEA;BUT1;Non;Non;Non;Non;Domicilié.e chez vos (ou un de vos ) parents;;Non;Non;Oui;Non;Oui;;;;;;;;;;;;;;;;;;;En dehors du SUAPS;;;;;;;;;;;;;;;;;Près de votre domicile familial;;;;Football;;;;;;;;;;Club, association;;4h ou plus;Oui;Etre en forme;;Ce serait difficile;;;;Moyennement d'accord
Un homme;79;;GEA;BUT1;Non;Non;Oui;Non;Domicilié.e chez vos (ou un de vos ) parents;;Non;Oui;Oui;Oui;Oui;;;;;;;;;;;;;;;;;;;En dehors du SUAPS;;;;;;;;;;;;;;;;;Près de votre domicile familial;;;;Sport collectif auttre que foot;;;;;;;;;;Club, association;;4h ou plus;Oui;Etre en forme;;Je ne peux pas l'envisager;;;;Tout à fait d'accord
Une femme;79;;GEA;BUT1;Non;Non;Oui;Non;Domicilié.e chez vos (ou un de vos ) parents;;Non;Non;Oui;Non;Non;Vous n'avez pas envie de faire du sport;;Oui;Gym, fitness, zumba...;;;;;;;;;;Plus d'envie;;Non;;;;;;;;;;;;;;;;;;;;;;;;;;;;;;;;;;;;;;;;;Plus de temps;;Non;Tout à fait d'accord
Une femme;17;;GEA;BUT1;Non;Non;Oui;Non;Locataire;;Oui;Non;Oui;Non;Oui;;;;;;;;;;;;;;;;;;;En dehors du SUAPS;;;;;;;;;;;;;;;;;Près de votre domicile familial;;;;Gym, fitness, zumba...;;;;;;;;;;Pratique libre;;1h;Non;Etre en forme;;Oui sans trop de problème;;;;Tout à fait d'accord
Une femme;17;;GEA;BUT1;Non;Non;Oui;Non;Locataire;;Non;Non;Oui;Non;Non;Les activités proposées ne vous conviennent pas;;Oui;Gym, fitness, zumba...;;;;;;;;;;Plus d'envie;;Oui;;;;;;;;;;;;;;;;;;;;;;;;;;;;;;;;;;;;;;;;;Plus de temps;;Oui;Tout à fait d'accord
Un homme;79;;GEA;BUT1;Non;Non;Non;Non;Domicilié.e chez vos (ou un de vos ) parents;;Non;Non;Oui;Non;Non;Les horaires sont inadaptés;;Oui;Football;;;;;;;;;;Manque de temps;;Oui;;;;;;;;;;;;;;;;;;;;;;;;;;;;;;;;;;;;;;;;;Un problème de santé;;Oui;Tout à fait d'accord
Un homme;Autre;50;GEA;BUT1;Non;Non;Non;Non;Locataire;;Non;Non;Oui;Oui;Oui;;;;;;;;;;;;;;;;;;;En dehors du SUAPS;;;;;;;;;;;;;;;;;A Niort;;;;Autre;;;;;;;;;handball;Club, association;;4h ou plus;Oui;S'amuser;;Je ne peux pas l'envisager;;;;
Un homme;79;;GEA;BUT1;Non;Non;;;Domicilié.e chez vos (ou un de vos ) parents;;Non;Non;Oui;Non;Non;Vous n'avez pas envie de faire du sport;;Oui;Football;Sport de raquette;;;;;;;;;Manque de temps;;Non;;;;;;;;;;;;;;;;;;;;;;;;;;;;;;;;;;;;;;;;;Un problème de santé;;Non;Pas vraiment d'accord
Une femme;79;;GEA;BUT1;Non;Non;Non;Non;Domicilié.e chez vos (ou un de vos ) parents;;Non;Oui;Oui;Oui;Oui;;;;;;;;;;;;;;;;;;;En dehors du SUAPS;;;;;;;;;;;;;;;;;Près de votre domicile familial;;;;Football;;;;;;;;;;Club, association;;4h ou plus;Oui;Etre en forme;;Ce serait difficile;;;;Moyennement d'accord
Une femme;79;;GEA;BUT1;Non;Non;Non;Non;Domicilié.e chez vos (ou un de vos ) parents;;Oui;Non;Oui;Non;Oui;;;;;;;;;;;;;;;;;;;En dehors du SUAPS;;;;;;;;;;;;;;;;;A Niort;;;;Autre;;;;;;;;;dase modern jazz;Club, association;;2h;Non;S'amuser;;Ce serait difficile;;;;Tout à fait d'accord
Un homme;79;;GEA;BUT1;Non;Non;Non;Non;Domicilié.e chez vos (ou un de vos ) parents;;Non;Oui;Oui;Oui;Oui;;;;;;;;;;;;;;;;;;;En dehors du SUAPS;;;;;;;;;;;;;;;;;A Niort;;;;Autre;;;;;;;;;musculation;Pratique libre;;3h;Non;Etre en forme;;Ce serait difficile;;;;Tout à fait d'accord
Un homme;79;;GEA;BUT1;Non;Non;Oui;Non;Domicilié.e chez vos (ou un de vos ) parents;;Non;Oui;Non;Non;Non;Les activités proposées ne vous conviennent pas;;Oui;Football;Sport d'eau;;;;;;;;;Manque de temps;;Non;;;;;;;;;;;;;;;;;;;;;;;;;;;;;;;;;;;;;;;;;Plus de temps;;Oui;Tout à fait d'accord
Un homme;86;;GEA;BUT1;Non;Non;Non;Non;Locataire;;Oui;Oui;Oui;Non;Non;Les horaires sont inadaptés;;Oui;Sport collectif autre que foot;Gym, fitness, zumba...;Sport de raquette;;;;;;;;Manque de temps;;Oui;;;;;;;;;;;;;;;;;;;;;;;;;;;;;;;;;;;;;;;;;Plus de temps;;Oui;Tout à fait d'accord
Une femme;Autre;47;GEA;BUT1;Non;Non;Oui;Non;Locataire;;Non;Oui;Oui;Oui;Oui;;;;;;;;;;;;;;;;;;;En dehors du SUAPS;;;;;;;;;;;;;;;;;A Niort;;;;Autre;;;;;;;;;basket-ball;Club, association;;4h ou plus;Oui;Autre;niveau professionel;Je ne peux pas l'envisager;;;;Moyennement d'accord
Une femme;17;;GEA;BUT1;Non;Non;Oui;Non;Locataire;;Oui;Non;Oui;Non;Non;Vous n'avez pas envie de faire du sport;;Oui;Gym, fitness, zumba...;;;;;;;;;;Manque de temps;;Oui;;;;;;;;;;;;;;;;;;;;;;;;;;;;;;;;;;;;;;;;;Plus de temps;;Non;Tout à fait d'accord
Une femme;79;;GEA;BUT1;Non;Non;Non;Non;Domicilié.e chez vos (ou un de vos ) parents;;Non;Oui;Oui;Oui;Oui;;;;;;;;;;;;;;;;;;;Dans le cadre du SUAPS;En dehors du SUAPS;Badminton;;;;;;;2h;Oui;Oui;;;;;;Près de votre domicile familial;;;;Sport collectif auttre que foot;;;;;;;;;;Club, association;;4h ou plus;Oui;Evacuer les tensions;;Je ne peux pas l'envisager;;;;Moyennement d'accord
Un homme;79;;GEA;BUT1;Non;Non;Oui;Non;Domicilié.e chez vos (ou un de vos ) parents;;Non;Oui;Oui;Oui;Oui;;;;;;;;;;;;;;;;;;;Dans le cadre du SUAPS;;Badminton;;;;;;;2h;Non;Oui;;;;;;;;;;;;;;;;;;;;;;;;Etre en forme;;Ce serait difficile;;;;Tout à fait d'accord
Une femme;Autre;33;GEA;BUT1;Oui;Non;Oui;Oui;Locataire;;Non;Oui;Oui;Oui;Oui;;;;;;;;;;;;;;;;;;;En dehors du SUAPS;;;;;;;;;;;;;;;;;Autre;;;la rochelle , la grande motte;Autre;;;;;;;;;voile , musculation;Club, association;Pratique libre;4h ou plus;Oui;Etre en forme;;Je ne peux pas l'envisager;;;;Tout à fait d'accord
Une femme;17;;GEA;BUT1;Non;Non;Non;Non;Locataire;;Non;Non;Oui;Non;Non;Les horaires sont inadaptés;;Oui;Autre;;;;;;;;;danse;Manque de temps;;Non;;;;;;;;;;;;;;;;;;;;;;;;;;;;;;;;;;;;;;;;;Plus de temps;;Non;Moyennement d'accord
Un homme;Autre;37;GEA;BUT1;Non;Non;Non;Non;Locataire;;Non;Non;Oui;Non;Non;Vous n'avez pas envie de faire du sport;;Oui;Football;Sport collectif autre que foot;;;;;;;;;Manque de temps;;Non;;;;;;;;;;;;;;;;;;;;;;;;;;;;;;;;;;;;;;;;;Plus de temps;;Oui;Moyennement d'accord
Un homme;17;;GEA;BUT1;Oui;Non;Non;Non;Locataire;;Oui;Non;Oui;Non;Non;Autre;flemme sport à la maison;Oui;Gym, fitness, zumba...;Sport de raquette;Sport d'eau;Autre;;;;;;tennis;Difficultés pratiques;;Oui;;;;;;;;;;;;;;;;;;;;;;;;;;;;;;;;;;;;;;;;;Plus de temps;;Oui;Moyennement d'accord
Une femme;17;;GEA;BUT1;Non;Non;Non;Non;Locataire;;Non;Non;Oui;Non;Non;Les horaires sont inadaptés;;Oui;Sport d'eau;;;;;;;;;;Manque de temps;;Non;;;;;;;;;;;;;;;;;;;;;;;;;;;;;;;;;;;;;;;;;Un problème de santé;;Oui;Moyennement d'accord
Un homme;79;;GEA;BUT1;Non;Non;Non;Oui;Domicilié.e chez vos (ou un de vos ) parents;;Non;Oui;Oui;Oui;Oui;;;;;;;;;;;;;;;;;;;En dehors du SUAPS;;;;;;;;;;;;;;;;;A Niort;;;;Gym, fitness, zumba...;;;;;;;;;;Pratique libre;;3h;Non;Etre en forme;;Ce serait difficile;;;;Tout à fait d'accord
Un homme;86;;GEA;BUT1;Non;Non;Oui;Non;Domicilié.e chez vos (ou un de vos ) parents;;Oui;Non;Oui;Non;Non;Vous n'avez pas envie de faire du sport;;Oui;Autre;;;;;;;;;Tennis;Plus d'envie;;Oui;;;;;;;;;;;;;;;;;;;;;;;;;;;;;;;;;;;;;;;;;Plus de temps;;Oui;Moyennement d'accord
Une femme;79;;GEA;BUT1;Non;Non;Non;Oui;Domicilié.e chez vos (ou un de vos ) parents;;Oui;Non;Oui;Oui;Non;Les activités proposées ne vous conviennent pas;;Oui;Autre;;;;;;;;;Sport de combat;Manque de temps;;Oui;;;;;;;;;;;;;;;;;;;;;;;;;;;;;;;;;;;;;;;;;Plus de temps;;Oui;Moyennement d'accord
Un homme;16;;GEA;BUT1;Oui;Non;Non;Non;Locataire;;Non;Non;Oui;Non;Oui;;;;;;;;;;;;;;;;;;;En dehors du SUAPS;;;;;;;;;;;;;;;;;A Niort;;;;Gym, fitness, zumba...;;;;;;;;;;Pratique libre;;3h;Non;Autre;Il faut en faire;Ce serait difficile;;;;Moyennement d'accord
Un homme;16;;GEA;BUT1;Non;Non;Non;Non;Locataire;;Oui;Non;Non;Oui;Oui;;;;;;;;;;;;;;;;;;;Dans le cadre du SUAPS;;Futsal;;;;;;;2h;Non;Oui;;;;;;;;;;;;;;;;;;;;;;;;Evacuer les tensions;;Ce serait difficile;;;;Moyennement d'accord
Un homme;17;;GEA;BUT1;Non;Non;Non;Non;Locataire;;Non;Non;Oui;Oui;Non;Les horaires sont inadaptés;;Oui;Football;Autre;;;;;;;;Rugby;Autre;Blessure;Oui;;;;;;;;;;;;;;;;;;;;;;;;;;;;;;;;;;;;;;;;;Plus de temps;;Oui;Moyennement d'accord
Une femme;17;;GEA;BUT1;Non;Non;Oui;Non;Locataire;;Non;Oui;Oui;Non;Non;Vous n'avez pas envie de faire du sport;;Non;;;;;;;;;;;;;;Manque de temps;;;;;;;;;;;;;;;;;;;;;;;;;;;;;;;;;;;;;;;;Plus de temps;;Non;Tout à fait d'accord
Un homme;17;;GEA;BUT1;Non;Non;Non;Non;Locataire;;Oui;Oui;Oui;Oui;Oui;;;;;;;;;;;;;;;;;;;En dehors du SUAPS;;;;;;;;;;;;;;;;;Près de votre domicile familial;;;;Sport collectif auttre que foot;;;;;;;;;;Club, association;;3h;Oui;Etre en forme;;Ce serait difficile;;;;Tout à fait d'accord
Un homme;17;;GEA;BUT1;Non;Non;Non;Non;Locataire;;Non;Non;Oui;Oui;Oui;;;;;;;;;;;;;;;;;;;En dehors du SUAPS;;;;;;;;;;;;;;;;;A Niort;Près de votre domicile familial;;;Gym, fitness, zumba...;;;;;;;;;;Club, association;;4h ou plus;Non;Etre en forme;;Ce serait difficile;;;;Tout à fait d'accord
Une femme;79;;GEA;BUT1;Non;Non;Non;Non;Domicilié.e chez vos (ou un de vos ) parents;;Non;Oui;Oui;Non;Non;Vous n'avez pas envie de faire du sport;;Oui;Autre;;;;;;;;;Judo, Escrime;Manque de temps;;Oui;;;;;;;;;;;;;;;;;;;;;;;;;;;;;;;;;;;;;;;;;Plus de temps;;Oui;Tout à fait d'accord
Un homme;Autre;41;GEA;BUT1;Non;Non;Non;Non;Locataire;;Non;Oui;Oui;Oui;Oui;;;;;;;;;;;;;;;;;;;En dehors du SUAPS;;;;;;;;;;;;;;;;;A Niort;;;;Autre;;;;;;;;;Musculation;Pratique libre;;2h;Non;Etre en forme;;Je ne peux pas l'envisager;;;;Tout à fait d'accord
Une femme;Autre;;GEA;BUT1;Non;Non;Non;Non;Locataire;;Non;Oui;Oui;Oui;Oui;;;;;;;;;;;;;;;;;;;Dans le cadre du SUAPS;En dehors du SUAPS;Futsal;;;;;;;1h ou moins;Non;Oui;;;;;;A Niort;;;;Autre;;;;;;;;;Futsal;Club, association;;4h ou plus;Oui;S'amuser;;Ce serait difficile;;;;Moyennement d'accord
Une femme;79;;GEA;BUT1;Non;Non;Oui;Oui;Domicilié.e chez vos (ou un de vos ) parents;;Non;Oui;Oui;Non;Oui;;;;;;;;;;;;;;;;;;;En dehors du SUAPS;;;;;;;;;;;;;;;;;A Niort;;;;Gym, fitness, zumba...;;;;;;;;;;Club, association;;2h;Non;Etre en forme;;Ce serait difficile;;;;Tout à fait d'accord
Un homme;86;;GEA;BUT1;Non;Non;Oui;Non;Locataire;;Non;Oui;Oui;Non;Oui;;;;;;;;;;;;;;;;;;;Dans le cadre du SUAPS;;Escalade;;;;;;;2h;Non;Oui;;;;;;;;;;;;;;;;;;;;;;;;S'amuser;;Oui sans trop de problème;;;;Moyennement d'accord
Une femme;79;;GEA;BUT2;Non;Non;Non;Non;Domicilié.e chez vos (ou un de vos ) parents;;Non;Non;Oui;Oui;Oui;;;;;;;;;;;;;;;;;;;Dans le cadre du SUAPS;;Volley;;;;;;;2h;Oui;Oui;;;;;;;;;;;;;;;;;;;;;;;;S'amuser;;Ce serait difficile;;;;Tout à fait d'accord
Un homme;79;;GEA;BUT2;Non;Non;Non;Non;Domicilié.e chez vos (ou un de vos ) parents;;Non;Oui;Oui;Oui;Oui;;;;;;;;;;;;;;;;;;;En dehors du SUAPS;;;;;;;;;;;;;;;;;Près de votre domicile familial;;;;Autre;;;;;;;;;Boxe;Club, association;;2h;Oui;Evacuer les tensions;;Ce serait difficile;;;;Moyennement d'accord
Une femme;79;;GEA;BUT2;Non;Non;Oui;Non;Locataire;;Non;Oui;Oui;Oui;Oui;;;;;;;;;;;;;;;;;;;En dehors du SUAPS;;;;;;;;;;;;;;;;;Près de votre domicile familial;;;;Autre;;;;;;;;;Equitation;Club, association;;4h ou plus;Oui;Evacuer les tensions;;Je ne peux pas l'envisager;;;;Tout à fait d'accord
Un homme;Autre;28;SD;BUT1;Non;Non;Non;Non;Locataire;;Non;Oui;Oui;Oui;Oui;;;;;;;;;;;;;;;;;;;Dans le cadre du SUAPS;En dehors du SUAPS;Basket;;;;;;;2h;Oui;Oui;;;;;;A Niort;;;;Running, athlétisme;;;;;;;;;;Pratique libre;;2h;Non;Etre en forme;;Ce serait difficile;;;;Moyennement d'accord
Un homme;79;;SD;BUT1;Non;Non;Oui;Non;Domicilié.e chez vos (ou un de vos ) parents;;Non;Oui;Oui;Oui;Non;Vous n'avez pas envie de faire du sport;;Oui;Sport collectif autre que foot;Sport de raquette;Autre;;;;;;;Baseball,Escrime;Plus d'envie;;Non;;;;;;;;;;;;;;;;;;;;;;;;;;;;;;;;;;;;;;;;;Un problème de santé;;Non;Moyennement d'accord
Un homme;Autre;45;SD;BUT1;Non;Non;Oui;Non;Locataire;;Oui;Oui;Oui;Oui;Oui;;;;;;;;;;;;;;;;;;;Dans le cadre du SUAPS;;Basket;;;;;;;1h ou moins;Non;Oui;;;;;;;;;;;;;;;;;;;;;;;;Etre en forme;;Je ne peux pas l'envisager;;;;Moyennement d'accord
Un homme;79;;SD;BUT1;Non;Non;Oui;Non;Locataire;;Non;Oui;Oui;Oui;Oui;;;;;;;;;;;;;;;;;;;Dans le cadre du SUAPS;En dehors du SUAPS;Futsal;Musculation;;;;;;2h;Non;Non;Lieux;;;;;A Niort;;;;Football;Running, athlétisme;Gym, fitness, zumba...;;;;;;;;Club, association;Pratique libre;2h;Non;S'amuser;;Je ne peux pas l'envisager;;;;Tout à fait d'accord
Un homme;79;;SD;BUT1;Non;Non;Non;Non;Domicilié.e chez vos (ou un de vos ) parents;;Non;Oui;Oui;Oui;Oui;;;;;;;;;;;;;;;;;;;En dehors du SUAPS;;;;;;;;;;;;;;;;;A Niort;;;;Sport collectif auttre que foot;;;;;;;;;;Club, association;;3h;Oui;Etre en forme;;Ce serait difficile;;;;Tout à fait d'accord
Une femme;Autre;92;SD;BUT1;Non;Non;Non;Oui;Locataire;;Non;Oui;Oui;Oui;Oui;;;;;;;;;;;;;;;;;;;Dans le cadre du SUAPS;En dehors du SUAPS;Natation;;;;;;;1h ou moins;Non;Oui;;;;;;A Niort;Près de votre domicile familial;Autre;en caserne;Sport de raquette;Sport collectif auttre que foot;Sport d'eau;Running, athlétisme;Autre;;;;;musculation;Club, association;Pratique libre;4h ou plus;Non;S'amuser;;Je ne peux pas l'envisager;;;;Tout à fait d'accord
Une femme;Autre;49;SD;BUT1;Non;Non;Non;Non;Locataire;;Non;Oui;Oui;Oui;Oui;;;;;;;;;;;;;;;;;;;Dans le cadre du SUAPS;En dehors du SUAPS;Natation;;;;;;;1h ou moins;Non;Oui;;;;;;A Niort;Près de votre domicile familial;;;Sport collectif auttre que foot;Running, athlétisme;Cyclisme;;;;;;;;Club, association;Pratique libre;4h ou plus;Oui;S'amuser;;Je ne peux pas l'envisager;;;;Tout à fait d'accord
Une femme;86;;SD;BUT1;Non;Non;Non;Non;Locataire;;Non;Non;Non;Non;Oui;;;;;;;;;;;;;;;;;;;Dans le cadre du SUAPS;En dehors du SUAPS;Natation;;;;;;;1h ou moins;Non;Oui;;;;;;Près de votre domicile familial;;;;Sport d'eau;Running, athlétisme;Gym, fitness, zumba...;;;;;;;;Pratique libre;;2h;Non;Etre en forme;;Ce serait difficile;;;;Tout à fait d'accord
Un homme;79;;SD;BUT1;Non;Non;Non;Oui;Domicilié.e chez vos (ou un de vos ) parents;;Non;Oui;Oui;Oui;Oui;;;;;;;;;;;;;;;;;;;En dehors du SUAPS;;;;;;;;;;;;;;;;;Près de votre domicile familial;;;;Sport de raquette;Autre;;;;;;;;Musculation;Club, association;Pratique libre;3h;Non;Etre en forme;;Je ne peux pas l'envisager;;;;Tout à fait d'accord
Un homme;Autre;49;SD;BUT1;Non;Non;Oui;Non;Locataire;;Non;Oui;Oui;Oui;Oui;;;;;;;;;;;;;;;;;;;En dehors du SUAPS;;;;;;;;;;;;;;;;;A Niort;Près de votre domicile familial;;;Football;Autre;;;;;;;;Musculation;Pratique libre;;2h;Non;Etre en forme;;Ce serait difficile;;;;Tout à fait d'accord
Un homme;79;;SD;BUT1;Non;Non;Non;Non;Domicilié.e chez vos (ou un de vos ) parents;;Non;Oui;Oui;Non;Oui;;;;;;;;;;;;;;;;;;;Dans le cadre du SUAPS;En dehors du SUAPS;Badminton;;;;;;;2h;Non;Oui;;;;;;A Niort;Près de votre domicile familial;;;Autre;;;;;;;;;Echecs;Pratique libre;;2h;Non;S'amuser;;Ce serait difficile;;;;Tout à fait d'accord
Un homme;79;;SD;BUT1;Non;Non;Non;Non;Domicilié.e chez vos (ou un de vos ) parents;;Non;Oui;Oui;Oui;Oui;;;;;;;;;;;;;;;;;;;Dans le cadre du SUAPS;En dehors du SUAPS;Badminton;;;;;;;2h;Non;Oui;;;;;;A Niort;Près de votre domicile familial;;;Cyclisme;;;;;;;;;;Pratique libre;;2h;Non;Evacuer les tensions;;Ce serait difficile;;;;Tout à fait d'accord
Un homme;Autre;33;SD;BUT1;Non;Non;Non;Non;Locataire;;Non;Oui;Oui;Oui;Oui;;;;;;;;;;;;;;;;;;;Dans le cadre du SUAPS;En dehors du SUAPS;Natation;;;;;;;2h;Non;Oui;;;;;;Près de votre domicile familial;;;;Autre;;;;;;;;;Musculation;Pratique libre;;2h;Non;Evacuer les tensions;;Ce serait difficile;;;;Tout à fait d'accord
Une femme;79;;SD;BUT1;Non;Non;Non;Non;Domicilié.e chez vos (ou un de vos ) parents;;Non;Oui;Oui;Non;Non;Les horaires sont inadaptés;;Oui;Autre;;;;;;;;;Judo,équitation;Manque de temps;;Non;;;;;;;;;;;;;;;;;;;;;;;;;;;;;;;;;;;;;;;;;Plus de temps;;Oui;Moyennement d'accord
Une femme;79;;SD;BUT1;Non;Non;Non;Non;Domicilié.e chez vos (ou un de vos ) parents;;Oui;Non;Oui;Non;Oui;;;;;;;;;;;;;;;;;;;En dehors du SUAPS;Dans le cadre du SUAPS;Volley;;;;;;;2h;Non;Oui;;;;;;A Niort;Près de votre domicile familial;;;Sport de raquette;;;;;;;;;;Club, association;Pratique libre;1h;Non;Etre en forme;;Ce serait difficile;;;;Tout à fait d'accord
Une femme;79;;SD;BUT1;Non;Non;Oui;Non;Domicilié.e chez vos (ou un de vos ) parents;;Non;Oui;Oui;Oui;Non;Les horaires sont inadaptés;;Oui;Autre;;;;;;;;;Karaté;Autre;;Non;;;;;;;;;;;;;;;;;;;;;;;;;;;;;;;;;;;;;;;;;Plus de temps;;Oui;Moyennement d'accord
Un homme;Autre;33;SD;BUT1;Non;Non;Oui;Non;Locataire;;Non;Oui;Oui;Oui;Non;Autre;Trop loin;Oui;Gym, fitness, zumba...;Running, athlétisme;Cyclisme;;;;;;;;Difficultés pratiques;;Non;;;;;;;;;;;;;;;;;;;;;;;;;;;;;;;;;;;;;;;;;Un accès plus facile aux équipements/cours;;Oui;Tout à fait d'accord
Un homme;79;;GEA;BUT2;Non;Non;Non;Oui;Domicilié.e chez vos (ou un de vos ) parents;;Non;Oui;Non;Non;Oui;;;;;;;;;;;;;;;;;;;En dehors du SUAPS;;;;;;;;;;;;;;;;;A Niort;;;;Autre;;;;;;;;;Musculation;Pratique libre;;3h;Non;Etre en forme;;Oui sans trop de problème;;;;Moyennement d'accord
Un homme;Autre;49;GEA;BUT2;Non;Non;Oui;Non;Locataire;;Non;Oui;Oui;Oui;Oui;;;;;;;;;;;;;;;;;;;Dans le cadre du SUAPS;En dehors du SUAPS;Musculation;;;;;;;2h;Oui;Oui;;;;;;A Niort;Près de votre domicile familial;;;Autre;;;;;;;;;Musculation;Pratique libre;;4h ou plus;Non;Etre en forme;;Ce serait difficile;;;;Tout à fait d'accord
Un homme;79;;GEA;BUT2;Non;Non;Non;Oui;Domicilié.e chez vos (ou un de vos ) parents;;Non;Non;Oui;Oui;Oui;;;;;;;;;;;;;;;;;;;En dehors du SUAPS;;;;;;;;;;;;;;;;;A Niort;Près de votre domicile familial;;;Running, athlétisme;Autre;;;;;;;;judo;Club, association;Pratique libre;4h ou plus;Non;Etre en forme;;Ce serait difficile;;;;Tout à fait d'accord
Un homme;79;;GEA;BUT2;Non;Non;Non;Non;Domicilié.e chez vos (ou un de vos ) parents;;Non;Non;Oui;Oui;Oui;;;;;;;;;;;;;;;;;;;Dans le cadre du SUAPS;En dehors du SUAPS;Futsal;Musculation;;;;;;3h ou plus;Non;Oui;;;;;;Près de votre domicile familial;;;;Football;;;;;;;;;;Club, association;;4h ou plus;Oui;S'amuser;;Je ne peux pas l'envisager;;;;Moyennement d'accord
Un homme;79;;GEA;BUT2;Non;Non;Non;Non;Domicilié.e chez vos (ou un de vos ) parents;;Non;Non;Oui;Non;Non;Les horaires sont inadaptés;;Oui;Sport de raquette;;;;;;;;;;Plus d'envie;;Non;;;;;;;;;;;;;;;;;;;;;;;;;;;;;;;;;;;;;;;;;Un problème de santé;;Non;Tout à fait d'accord
Un homme;79;;GEA;BUT2;Non;Non;Oui;Non;Domicilié.e chez vos (ou un de vos ) parents;;Oui;Oui;Oui;Non;Oui;;;;;;;;;;;;;;;;;;;Dans le cadre du SUAPS;;Natation;;;;;;;1h ou moins;Non;Oui;;;;;;;;;;;;;;;;;;;;;;;;Etre en forme;;Oui sans trop de problème;;;;Moyennement d'accord
Un homme;86;;GEA;BUT2;Non;Non;Non;Non;Locataire;;Non;Oui;Oui;Oui;Oui;;;;;;;;;;;;;;;;;;;En dehors du SUAPS;;;;;;;;;;;;;;;;;A Niort;;;;Sport de raquette;;;;;;;;;;Club, association;;2h;Oui;Evacuer les tensions;;Ce serait difficile;;;;Pas vraiment d'accord
Un homme;79;;GEA;BUT2;Non;Non;Oui;Non;Domicilié.e chez vos (ou un de vos ) parents;;Non;Non;Oui;Non;Non;Vous n'avez pas envie de faire du sport;;Non;;;;;;;;;;;;;;Difficultés pratiques;;;;;;;;;;;;;;;;;;;;;;;;;;;;;;;;;;;;;;;;Un problème de santé;;Non;Moyennement d'accord
Une femme;86;;GEA;BUT2;Non;Non;Oui;Non;Locataire;;Oui;Oui;Oui;Non;Non;Autre;Jeune sapeur pompier;Oui;Sport collectif autre que foot;;;;;;;;;;Manque de temps;;Oui;;;;;;;;;;;;;;;;;;;;;;;;;;;;;;;;;;;;;;;;;Un accès plus facile aux équipements/cours;;Oui;Tout à fait d'accord
Un homme;85;;GEA;BUT2;Non;Non;Oui;Non;Locataire;;Non;Oui;Oui;Oui;Oui;;;;;;;;;;;;;;;;;;;Dans le cadre du SUAPS;En dehors du SUAPS;Badminton;Musculation;;;;;;2h;Oui;Oui;;;;;;Près de votre domicile familial;;;;Sport de raquette;;;;;;;;;;Club, association;;3h;Oui;Etre en forme;;Je ne peux pas l'envisager;;;;Tout à fait d'accord
Un homme;16;;GEA;BUT2;Non;Non;Non;Oui;Locataire;;Oui;Non;Oui;Oui;Oui;;;;;;;;;;;;;;;;;;;En dehors du SUAPS;;;;;;;;;;;;;;;;;A Niort;;;;Football;;;;;;;;;;Club, association;;4h ou plus;Non;S'amuser;;Ce serait difficile;;;;Tout à fait d'accord
Un homme;Autre;33;GEA;BUT2;Non;Non;Non;Non;Locataire;;Non;Oui;Oui;Oui;Oui;;;;;;;;;;;;;;;;;;;En dehors du SUAPS;Dans le cadre du SUAPS;Futsal;;;;;;;2h;Non;Oui;;;;;;A Niort;;;;Football;;;;;;;;;;Club, association;;4h ou plus;Oui;Evacuer les tensions;;Ce serait difficile;;;;Moyennement d'accord
Une femme;16;;GEA;BUT2;Non;Non;Non;Non;Locataire;;Non;Non;Oui;Non;Non;Autre;trop loin;Oui;Autre;;;;;;;;;roller;Difficultés pratiques;;Non;;;;;;;;;;;;;;;;;;;;;;;;;;;;;;;;;;;;;;;;;Un accès plus facile aux équipements/cours;;Oui;Tout à fait d'accord
Une femme;17;;GEA;BUT2;Non;Non;Non;Non;Locataire;;Oui;Oui;Oui;Non;Non;Les horaires sont inadaptés;;Oui;Sport de raquette;Autre;;;;;;;;equitation, musuclation;Difficultés financières;;Non;;;;;;;;;;;;;;;;;;;;;;;;;;;;;;;;;;;;;;;;;Un accès plus facile aux équipements/cours;;Oui;Tout à fait d'accord
Une femme;Autre;49;GEA;BUT2;Non;Non;Non;Non;Locataire;;Non;Non;Oui;Oui;Oui;;;;;;;;;;;;;;;;;;;En dehors du SUAPS;;;;;;;;;;;;;;;;;Près de votre domicile familial;;;;Sport collectif auttre que foot;;;;;;;;;;Club, association;;3h;Oui;S'amuser;;Ce serait difficile;;;;Tout à fait d'accord
Un homme;79;;GEA;BUT2;Non;Non;Non;Non;Domicilié.e chez vos (ou un de vos ) parents;;Non;Non;Oui;Oui;Oui;;;;;;;;;;;;;;;;;;;En dehors du SUAPS;;;;;;;;;;;;;;;;;Près de votre domicile familial;;;;Football;Sport collectif auttre que foot;Gym, fitness, zumba...;Sport de raquette;Running, athlétisme;;;;;;Pratique libre;Club, association;4h ou plus;Oui;Evacuer les tensions;;Je ne peux pas l'envisager;;;;Moyennement d'accord
Une femme;79;;GEA;BUT2;Non;Non;Non;Oui;Domicilié.e chez vos (ou un de vos ) parents;;Non;Oui;Oui;Oui;Oui;;;;;;;;;;;;;;;;;;;En dehors du SUAPS;;;;;;;;;;;;;;;;;A Niort;Près de votre domicile familial;;;Autre;;;;;;;;;Musculation;Pratique libre;;2h;Non;Etre en forme;;Oui sans trop de problème;;;;Tout à fait d'accord
Un homme;79;;GEA;BUT2;Non;Non;Non;Non;Domicilié.e chez vos (ou un de vos ) parents;;Non;Oui;Oui;Non;Non;Les horaires sont inadaptés;;Oui;Autre;;;;;;;;;Renforcement musculaire;Manque de temps;;Non;Pas d'envie;;En dehors du SUAPS;;;;;;;;;;;;;;;;;;;;;;;;;;;;;;;;;;;Etre en forme;;Oui sans trop de problème;Plus de temps;;Oui;Pas vraiment d'accord
Un homme;86;;GEA;BUT2;Non;Non;Non;Non;Locataire;;Oui;Non;Oui;Oui;Oui;;;;;;;;;;;;;;;;;;;Dans le cadre du SUAPS;En dehors du SUAPS;Futsal;;;;;;;2h;Non;Oui;;;;;;Près de votre domicile familial;;;;Football;;;;;;;;;;Club, association;;2h;Oui;Etre en forme;;Je ne peux pas l'envisager;;;;Tout à fait d'accord
Une femme;17;;GEA;BUT2;Non;Non;Oui;Non;Locataire;;Non;Non;Oui;Non;Oui;;;;;;;;;;;;;;;;;;;En dehors du SUAPS;;;;;;;;;;;;;;;;;A Niort;;;;Autre;;;;;;;;;;Club, association;;1h;Non;Etre en forme;;Ce serait difficile;;;;Tout à fait d'accord
Une femme;79;;GEA;;Non;Non;Non;Oui;Domicilié.e chez vos (ou un de vos ) parents;;Oui;Non;Oui;Non;Non;Vous n'avez pas envie de faire du sport;;Oui;Sport collectif autre que foot;Gym, fitness, zumba...;;;;;;;;;Plus d'envie;;Non;;;;;;;;;;;;;;;;;;;;;;;;;;;;;;;;;;;;;;;;;;;;
Une femme;79;;GEA;BUT2;Non;Non;Oui;Non;Domicilié.e chez vos (ou un de vos ) parents;;Non;Oui;Oui;Non;Non;Vous n'avez pas envie de faire du sport;;Non;;;;;;;;;;;;;;Pas d'envie;;;;;;;;;;;;;;;;;;;;;;;;;;;;;;;;;;;;;;;;Plus de temps;;Non;Pas vraiment d'accord
Une femme;79;;GEA;BUT2;Non;Non;Non;Non;Domicilié.e chez vos (ou un de vos ) parents;;Non;Non;Oui;Oui;Oui;;;;;;;;;;;;;;;;;;;En dehors du SUAPS;;;;;;;;;;;;;;;;;A Niort;;;;Autre;;;;;;;;;Equitation;Pratique libre;Club, association;4h ou plus;Oui;Etre en forme;;Je ne peux pas l'envisager;;;;Moyennement d'accord
Un homme;79;;;BUT2;Non;Non;Oui;Non;Domicilié.e chez vos (ou un de vos ) parents;;Non;Non;Oui;Oui;Oui;;;;;;;;;;;;;;;;;;;En dehors du SUAPS;;;;;;;;;;Non;;;;;;;A Niort;;;;Autre;;;;;;;;;musculation;Pratique libre;;4h ou plus;Non;Etre en forme;;Ce serait difficile;;;;Moyennement d'accord
Un homme;86;;GEA;BUT2;Non;Non;Oui;Oui;Locataire;;Non;Non;Oui;Oui;Oui;;;;;;;;;;;;;;;;;;;Dans le cadre du SUAPS;En dehors du SUAPS;Basket;;;;;;;2h;Oui;Oui;;;;;;Près de votre domicile familial;;;;Sport collectif auttre que foot;;;;;;;;;;Club, association;;4h ou plus;Oui;Etre en forme;;Je ne peux pas l'envisager;;;;Moyennement d'accord
Un homme;79;;GEA;BUT2;Non;Non;;;Domicilié.e chez vos (ou un de vos ) parents;;Non;Non;Oui;Oui;Oui;;;;;;;;;;;;;;;;;;;Dans le cadre du SUAPS;;Futsal;;;;;;;2h;Oui;Oui;;;;;;;;;;;;;;;;;;;;;;;;S'amuser;;Je ne peux pas l'envisager;;;;Moyennement d'accord
Un homme;Autre;44;GEA;BUT2;Non;Non;Oui;Non;Locataire;;Oui;Oui;Oui;Oui;Oui;;;;;;;;;;;;;;;;;;;Dans le cadre du SUAPS;En dehors du SUAPS;Futsal;Basket;Natation;;;;;3h ou plus;Oui;Oui;;;;;;A Niort;Près de votre domicile familial;;;Sport d'eau;Sport collectif auttre que foot;Running, athlétisme;Football;;;;;;;Club, association;Pratique libre;4h ou plus;Non;Etre en forme;;Je ne peux pas l'envisager;;;;Tout à fait d'accord
Une femme;79;;GEA;BUT2;Non;Non;;;Domicilié.e chez vos (ou un de vos ) parents;;Non;Oui;Oui;Non;Non;Les activités proposées ne vous conviennent pas;;Oui;Autre;;;;;;;;;equitation;Manque de temps;;Oui;;;;;;;;;;;;;;;;;;;;;;;;;;;;;;;;;;;;;;;;;;;Oui;Tout à fait d'accord
Une femme;79;;GEA;BUT2;Non;Non;Non;Oui;Domicilié.e chez vos (ou un de vos ) parents;;Non;Oui;Oui;Non;Non;Les activités proposées ne vous conviennent pas;;Oui;Autre;;;;;;;;;danse;Manque de temps;;Oui;;;;;;;;;;;;;;;;;;;;;;;;;;;;;;;;;;;;;;;;;Plus de temps;;Oui;Tout à fait d'accord
Une femme;17;;GEA;BUT2;Oui;Non;Oui;Oui;Domicilié.e chez vos (ou un de vos ) parents;;Oui;Oui;Oui;Non;Oui;;;;;;;;;;;;;;;;;;;En dehors du SUAPS;;;;;;;;;;;;;;;;;Près de votre domicile familial;;;;Autre;;;;;;;;;equitation;Club, association;Pratique libre;4h ou plus;Non;Autre;du résultat;Ce serait difficile;;;;Tout à fait d'accord
Un homme;85;;GEA;BUT2;Non;Non;Oui;Non;Domicilié.e chez vos (ou un de vos ) parents;;Non;Non;Non;Non;Non;Les horaires sont inadaptés;;Oui;Sport d'eau;Autre;;;;;;;;musculation;Plus d'envie;;Non;;;;;;;;;;;;;;;;;;;;;;;;;;;;;;;;;;;;;;;;;Plus de temps;;Oui;Tout à fait d'accord
Un homme;86;;GEA;BUT2;Non;Non;Non;Non;Locataire;;Non;Oui;Oui;Oui;Oui;;;;;;;;;;;;;;;;;;;Dans le cadre du SUAPS;En dehors du SUAPS;Futsal;;;;;;;1h ou moins;Non;Oui;;;;;;A Niort;Près de votre domicile familial;;;Football;Running, athlétisme;Gym, fitness, zumba...;;;;;;;;Club, association;Pratique libre;4h ou plus;Oui;Etre en forme;;Je ne peux pas l'envisager;;;;Moyennement d'accord
Un homme;79;;GEA;BUT2;Non;Non;Oui;Non;Domicilié.e chez vos (ou un de vos ) parents;;Non;Oui;Oui;Oui;Oui;;;;;;;;;;;;;;;;;;;Dans le cadre du SUAPS;En dehors du SUAPS;Musculation;;;;;;;2h;Oui;Oui;;;;;;A Niort;;;;Gym, fitness, zumba...;Running, athlétisme;;;;;;;;;Pratique libre;;4h ou plus;Non;Etre en forme;;Ce serait difficile;Autre;se sentir mieux physiquement;Non;Tout à fait d'accord
Un homme;79;;GEA;BUT2;Non;Non;Non;Non;Domicilié.e chez vos (ou un de vos ) parents;;Non;Oui;Oui;Oui;Oui;;;;;;;;;;;;;;;;;;;Dans le cadre du SUAPS;En dehors du SUAPS;Musculation;;;;;;;2h;Oui;Oui;;;;;;A Niort;Près de votre domicile familial;;;Sport de raquette;Autre;;;;;;;;musculation;Club, association;Pratique libre;4h ou plus;Non;Evacuer les tensions;;Je ne peux pas l'envisager;;;;Tout à fait d'accord
Un homme;17;;GEA;BUT2;Non;Non;;;Locataire;;Non;Oui;Oui;Oui;Oui;;;;;;;;;;;;;;;;;;;Dans le cadre du SUAPS;En dehors du SUAPS;Natation;;;;;;;1h ou moins;Non;Oui;;;;;;A Niort;Près de votre domicile familial;;;Gym, fitness, zumba...;Sport de raquette;Running, athlétisme;Cyclisme;;;;;;;Club, association;;4h ou plus;Oui;Etre en forme;;Je ne peux pas l'envisager;;;;Tout à fait d'accord
Une femme;17;;GEA;BUT2;Non;Non;Oui;Non;Locataire;;Non;Oui;Oui;Non;Non;Les activités proposées ne vous conviennent pas;;Oui;Sport de raquette;Autre;;;;;;;;Danse;Manque de temps;;Oui;;;;;;;;;;;;;;;;;;;;;;;;;;;;;;;;;;;;;;;;;Plus de temps;;Oui;Tout à fait d'accord
Un homme;86;;GEA;BUT2;Oui;Non;Non;Oui;Locataire;;Oui;Oui;Oui;Oui;Oui;;;;;;;;;;;;;;;;;;;Dans le cadre du SUAPS;En dehors du SUAPS;Natation;;;;;;;1h ou moins;Non;Oui;;;;;;Près de votre domicile familial;;;;Gym, fitness, zumba...;;;;;;;;;;Pratique libre;;4h ou plus;Non;Etre en forme;;Oui sans trop de problème;;;;Moyennement d'accord
Une femme;Autre;49;GEA;BUT2;Non;Non;Non;Non;Locataire;;Non;Non;Non;Non;Non;Vous n'avez pas envie de faire du sport;;Oui;Sport d'eau;Autre;;;;;;;;danse;Plus d'envie;;Non;;;;;;;;;;;;;;;;;;;;;;;;;;;;;;;;;;;;;;;;;Un problème de santé;;Oui;Moyennement d'accord
Un homme;86;;GEA;BUT2;Non;Non;Oui;Non;Locataire;;Non;Oui;Oui;Oui;Oui;;;;;;;;;;;;;;;;;;;Dans le cadre du SUAPS;En dehors du SUAPS;Musculation;;;;;;;2h;Oui;Oui;;;;;;A Niort;Près de votre domicile familial;;;Gym, fitness, zumba...;;;;;;;;;;Pratique libre;;4h ou plus;Non;Evacuer les tensions;;Je ne peux pas l'envisager;;;;Tout à fait d'accord
Une femme;79;;GEA;BUT2;Non;Non;Oui;Oui;Locataire;;Non;Oui;Oui;Oui;Oui;;;;;;;;;;;;;;;;;;;En dehors du SUAPS;;;;;;;;;1h ou moins;;;;;;;;Autre;;;a la maison;Yoga;;;;;;;;;;Pratique libre;;1h;Non;Etre en forme;;Je ne peux pas l'envisager;;;;Tout à fait d'accord
Une femme;79;;GEA;BUT2;Non;Non;Oui;Oui;Domicilié.e chez vos (ou un de vos ) parents;;Non;Oui;Oui;Non;Non;Vous n'avez pas envie de faire du sport;;Non;;;;;;;;;;;;;;Manque de temps;;;;;;;;;;;;;;;;;;;;;;;;;;;;;;;;;;;;;;;;Plus de temps;;Oui;Tout à fait d'accord
Une femme;17;;GEA;BUT2;Non;Non;Oui;Non;Locataire;;Non;Oui;Oui;Non;Non;Vous n'avez pas envie de faire du sport;;Oui;Football;Running, athlétisme;Gym, fitness, zumba...;;;;;;;;Manque de temps;;Non;;;;;;;;;;;;;;;;;;;;;;;;;;;;;;;;;;;;;;;;;Plus de temps;;Oui;Moyennement d'accord
Un homme;79;;GEA;BUT2;Non;Non;Non;Oui;Locataire;;Oui;Non;Non;Non;Non;Vous n'avez pas envie de faire du sport;;Oui;Sport d'eau;Gym, fitness, zumba...;;;;;;;;;Plus d'envie;;Non;;;;;;;;;;;;;;;;;;;;;;;;;;;;;;;;;;;;;;;;;Un problème de santé;;Non;Tout à fait d'accord
Un homme;79;;GEA;BUT2;Non;Non;Oui;Oui;Domicilié.e chez vos (ou un de vos ) parents;;Non;Non;Oui;Non;Oui;;;;;;;;;;;;;;;;;;;Dans le cadre du SUAPS;En dehors du SUAPS;Futsal;;;;;;;2h;Non;Non;Horaires;;;;;A Niort;;;;Football;;;;;;;;;;Club, association;;2h;Non;S'amuser;;Oui sans trop de problème;;;;Tout à fait d'accord
Un homme;79;;GEA;BUT3;Non;Oui;;;Domicilié.e chez vos (ou un de vos ) parents;;Non;Oui;Oui;Oui;Oui;;;;;;;;;;;;;;;;;;;En dehors du SUAPS;;;;;;;;;;;;;;;;;A Niort;;;;Running, athlétisme;Cyclisme;;;;;;;;;Pratique libre;;2h;Non;Etre en forme;;Oui sans trop de problème;;;;Tout à fait d'accord
Un homme;79;;GEA;BUT3;Oui;Non;Non;Oui;Domicilié.e chez vos (ou un de vos ) parents;;Non;Oui;Oui;Non;Oui;;;;;;;;;;;;;;;;;;;En dehors du SUAPS;;;;;;;;;;;;;;;;;A Niort;;;;Running, athlétisme;Gym, fitness, zumba...;;;;;;;;;Pratique libre;;4h ou plus;Non;Etre en forme;;Ce serait difficile;;;;Tout à fait d'accord
Une femme;Autre;29;GEA;BUT3;Non;Oui;;;Locataire;;Non;Non;Oui;Non;Non;Les horaires sont inadaptés;;Oui;Sport de raquette;Gym, fitness, zumba...;;;;;;;;;Plus d'envie;;Non;;;;;;;;;;;;;;;;;;;;;;;;;;;;;;;;;;;;;;;;;Un problème de santé;;Oui;Tout à fait d'accord
Un homme;79;;GEA;BUT3;Non;Oui;;;Domicilié.e chez vos (ou un de vos ) parents;;Non;Oui;Oui;Oui;Oui;;;;;;;;;;;;;;;;;;;En dehors du SUAPS;;;;;;;;;;;;;;;;;A Niort;;;;Gym, fitness, zumba...;Running, athlétisme;;;;;;;;;Pratique libre;;4h ou plus;Non;Etre en forme;;Je ne peux pas l'envisager;;;;Tout à fait d'accord
Un homme;16;;GEA;BUT3;Non;Oui;;;Autre;Propriétaire;Non;Oui;Oui;Oui;Oui;;;;;;;;;;;;;;;;;;;En dehors du SUAPS;Dans le cadre du SUAPS;Futsal;;;;;;;2h;Non;Oui;;;;;;Près de votre domicile familial;;;;Gym, fitness, zumba...;;;;;;;;;;Pratique libre;;1h;Non;Etre en forme;;Je ne peux pas l'envisager;;;;Tout à fait d'accord
Un homme;79;;GEA;BUT3;Non;Oui;;;Autre;chez mon frere;Non;Oui;Oui;Oui;Oui;;;;;;;;;;;;;;;;;;;En dehors du SUAPS;;;;;;;;;;;;;;;;;A Niort;Près de votre domicile familial;Autre;a la crèche;Running, athlétisme;Autre;;;;;;;;Judo, Escalade;;;4h ou plus;Oui;Evacuer les tensions;;Je ne peux pas l'envisager;;;;Moyennement d'accord
Un homme;79;;GEA;BUT3;Non;Oui;;;Domicilié.e chez vos (ou un de vos ) parents;;Non;Oui;Oui;Oui;Oui;;;;;;;;;;;;;;;;;;;En dehors du SUAPS;;;;;;;;;;;;;;;;;A Niort;;;;Cyclisme;;;;;;;;;;Pratique libre;;4h ou plus;Non;Etre en forme;;Ce serait difficile;;;;Moyennement d'accord
Un homme;17;;GEA;BUT1;Non;Non;Non;Non;Domicilié.e chez vos (ou un de vos ) parents;;Non;Oui;Oui;Non;Oui;;;;;;;;;;;;;;;;;;;En dehors du SUAPS;;;;;;;;;;;;;;;;;A Niort;Près de votre domicile familial;;;Gym, fitness, zumba...;;;;;;;;;;Club, association;Pratique libre;3h;Non;Etre en forme;;Ce serait difficile;;;;Moyennement d'accord
Un homme;Autre;37;SD;BUT1;Non;Non;Oui;Non;Locataire;;Non;Oui;Oui;Oui;Oui;;;;;;;;;;;;;;;;;;;En dehors du SUAPS;;;;;;;;;1h ou moins;Non;Non;Horaires;Activités proposées;;;;A Niort;Près de votre domicile familial;;;Running, athlétisme;Autre;;;;;;;;Tennis;Pratique libre;;1h;Non;Etre en forme;;Je ne peux pas l'envisager;;;;Tout à fait d'accord
Un homme;79;;SD;BUT1;Non;Non;Non;Oui;Domicilié.e chez vos (ou un de vos ) parents;;Non;Non;Oui;Oui;Oui;;;;;;;;;;;;;;;;;;;Dans le cadre du SUAPS;En dehors du SUAPS;Futsal;Natation;;;;;;3h ou plus;Non;Oui;;;;;;A Niort;;;;Running, athlétisme;;;;;;;;;;Pratique libre;;1h;Non;S'amuser;;Je ne peux pas l'envisager;;;;Tout à fait d'accord
Un homme;86;;SD;BUT1;Oui;Non;Non;Non;Locataire;;Oui;Non;Oui;Oui;Oui;;;;;;;;;;;;;;;;;;;En dehors du SUAPS;;;;;;;;;;;;;;;;;A Niort;;;;Sport collectif auttre que foot;Gym, fitness, zumba...;;;;;;;;;Club, association;;4h ou plus;Oui;Etre en forme;;Je ne peux pas l'envisager;;;;Tout à fait d'accord
Un homme;Autre;33;SD;BUT1;Non;Non;Non;Non;Autre;Famille;Non;Non;Oui;Oui;Oui;;;;;;;;;;;;;;;;;;;En dehors du SUAPS;;;;;;;;;;;;;;;;;Près de votre domicile familial;;;;Football;Running, athlétisme;;;;;;;;;Club, association;Pratique libre;4h ou plus;Oui;S'amuser;;Je ne peux pas l'envisager;;;;Moyennement d'accord
Un homme;17;;SD;BUT1;Oui;Non;;;Locataire;;Non;Oui;Oui;Non;Oui;;;;;;;;;;;;;;;;;;;Dans le cadre du SUAPS;;Escalade;;;;;;;2h;Non;Oui;;;;;;;;;;;;;;;;;;;;;;;;S'amuser;;Ce serait difficile;;;;Tout à fait d'accord
Un homme;Autre;24;SD;BUT1;Oui;Non;Non;Non;Locataire;;Non;Non;Oui;Non;Non;Vous n'avez pas envie de faire du sport;;Non;;;;;;;;;;;;;;Pas d'envie;;;;;;;;;;;;;;;;;;;;;;;;;;;;;;;;;;;;;;;;;;Non;Moyennement d'accord
Un homme;79;;SD;BUT1;Non;Non;Non;Non;Locataire;;Oui;Non;Oui;Oui;Oui;;;;;;;;;;;;;;;;;;;En dehors du SUAPS;;;;;;;;;;;;;;;;;A Niort;;;;Football;Gym, fitness, zumba...;;;;;;;;;Pratique libre;;4h ou plus;Non;Etre en forme;;Ce serait difficile;;;;Moyennement d'accord
Une femme;Autre;Etrangée;SD;BUT1;Non;Non;Non;Non;Locataire;;Non;Oui;Oui;Oui;Non;Les activités proposées ne vous conviennent pas;;Non;;;;;;;;;;;;;;Manque de temps;;;;;;;;;;;;;;;;;;;;;;;;;;;;;;;;;;;;;;;;Plus de temps;;Oui;Pas vraiment d'accord
Une femme;Autre;;SD;BUT1;Non;Non;Non;Non;Locataire;;Non;Oui;Non;Oui;Oui;;;;;;;;;;;;;;;;;;;Dans le cadre du SUAPS;En dehors du SUAPS;Natation;;;;;;;1h ou moins;Non;Oui;;;;;;A Niort;;;;Autre;;;;;;;;;Pilates;Pratique libre;;2h;Non;Etre en forme;;Je ne peux pas l'envisager;;;;Tout à fait d'accord
Un homme;Autre;31;SD;BUT1;Non;Non;Non;Oui;Locataire;;Oui;Oui;Non;Non;Non;Autre;Pas le temps;Oui;Gym, fitness, zumba...;;;;;;;;;;Manque de temps;;Oui;;;;;;;;;;;;;;;;;;;;;;;;;;;;;;;;;;;;;;;;;Plus de temps;;Oui;Moyennement d'accord
Un homme;17;;SD;BUT3;Non;Oui;;;Locataire;;Oui;Non;Oui;Non;Non;Vous n'avez pas envie de faire du sport;;Oui;Sport de raquette;;;;;;;;;;Plus d'envie;;Non;;;;;;;;;;;;;;;;;;;;;;;;;;;;;;;;;;;;;;;;;Autre;Si je ne travaille plus;Non;Pas vraiment d'accord
Une femme;85;;SD;BUT3;Non;Oui;;;Domicilié.e chez vos (ou un de vos ) parents;;Non;Oui;Oui;Non;Non;Vous n'avez pas envie de faire du sport;;Non;;;;;;;;;;;;;;Pas d'envie;;;;;;;;;;;;;;;;;;;;;;;;;;;;;;;;;;;;;;;;Autre;Trouver un sport différent;Oui;Pas vraiment d'accord
Un homme;17;;SD;BUT3;Oui;Oui;;;Autre;Propriétaire;Non;Non;Oui;Oui;Non;Autre;Blessure;Oui;Sport de raquette;;;;;;;;;;Autre;Blessure;Non;;;;;;;;;;;;;;;;;;;;;;;;;;;;;;;;;;;;;;;;;Plus de temps;;Oui;Moyennement d'accord
Un homme;86;;SD;BUT3;Non;Non;Non;Non;Locataire;;Non;Non;Oui;Non;Non;Vous n'avez pas envie de faire du sport;;Oui;Autre;;;;;;;;;Tennis;Plus d'envie;;Non;;;;;;;;;;;;;;;;;;;;;;;;;;;;;;;;;;;;;;;;;Un problème de santé;;Non;Tout à fait d'accord
Un homme;85;;SD;BUT3;Oui;Oui;;;Locataire;;Non;Oui;Oui;Non;Oui;;;;;;;;;;;;;;;;;;;En dehors du SUAPS;;;;;;;;;;;;;;;;;A Niort;;;;Gym, fitness, zumba...;Autre;;;;;;;;Musculation;Pratique libre;;4h ou plus;Non;Etre en forme;;Ce serait difficile;;;;Tout à fait d'accord
Un homme;Autre;21;SD;BUT3;Non;Non;Non;Non;Locataire;;Oui;Oui;Oui;Oui;Oui;;;;;;;;;;;;;;;;;;;Dans le cadre du SUAPS;;Basket;Badminton;;;;;;3h ou plus;Non;Oui;;;;;;;;;;;;;;;;;;;;;;;;S'amuser;;Ce serait difficile;;;;Moyennement d'accord
Un homme;17;;SD;BUT3;Non;Oui;;;Locataire;;Non;Non;Oui;Non;Oui;;;;;;;;;;;;;;;;;;;Dans le cadre du SUAPS;;Badminton;;;;;;;2h;Non;Oui;;;;;;;;;;;;;;;;;;;;;;;;Etre en forme;;Oui sans trop de problème;;;;Tout à fait d'accord
Un homme;79;;SD;BUT3;Non;Oui;;;Domicilié.e chez vos (ou un de vos ) parents;;Non;Oui;Oui;Oui;Oui;;;;;;;;;;;;;;;;;;;En dehors du SUAPS;;;;;;;;;;;;;;;;;Près de votre domicile familial;;;;Football;;;;;;;;;;Club, association;;4h ou plus;Oui;;;Je ne peux pas l'envisager;;;;Tout à fait d'accord
Une femme;Autre;33;SD;BUT3;Non;Oui;;;Locataire;;Non;Oui;Oui;Non;Non;Vous n'avez pas envie de faire du sport;;Oui;Gym, fitness, zumba...;Autre;;;;;;;;Badminton;Autre;Déménagement;Non;;;;;;;;;;;;;;;;;;;;;;;;;;;;;;;;;;;;;;;;;Un problème de santé;;Oui;Moyennement d'accord
Un homme;79;;SD;BUT3;Oui;;;;Domicilié.e chez vos (ou un de vos ) parents;;Non;Oui;Oui;Oui;Oui;;;;;;;;;;;;;;;;;;;En dehors du SUAPS;;;;;;;;;;;;;;;;;Près de votre domicile familial;;;;Running, athlétisme;Autre;;;;;;;;Boxe anglaise;Club, association;Pratique libre;4h ou plus;Oui;Etre en forme;;;;;;Tout à fait d'accord
Une femme;79;;SD;BUT3;Non;Oui;;;Domicilié.e chez vos (ou un de vos ) parents;;Non;Oui;Oui;Oui;Oui;;;;;;;;;;;;;;;;;;;En dehors du SUAPS;;;;;;;;;;;;;;;;;Près de votre domicile familial;;;;Football;Running, athlétisme;;;;;;;;;Club, association;Pratique libre;4h ou plus;Oui;Autre;;Ce serait difficile;;;;Moyennement d'accord
Une femme;Autre;49;SD;BUT3;Non;Oui;;;Locataire;;Non;Oui;Oui;Non;Oui;;;;;;;;;;;;;;;;;;;En dehors du SUAPS;;;;;;;;;;;;;;;;;A Niort;;;;Gym, fitness, zumba...;;;;;;;;;;Club, association;;1h;Non;Evacuer les tensions;;Je ne peux pas l'envisager;;;;Tout à fait d'accord
Une femme;85;;SD;BUT3;Non;Oui;;;Domicilié.e chez vos (ou un de vos ) parents;;Non;Non;Non;Non;Non;Vous n'avez pas envie de faire du sport;;Oui;Gym, fitness, zumba...;;;;;;;;;;Manque de temps;;Non;;;;;;;;;;;;;;;;;;;;;;;;;;;;;;;;;;;;;;;;;Un problème de santé;;Oui;Moyennement d'accord
Une femme;79;;SD;BUT3;Non;Oui;;;Locataire;;Non;Oui;Oui;Non;Oui;;;;;;;;;;;;;;;;;;;En dehors du SUAPS;;;;;;;;;;;;;;;;;A Niort;;;;Autre;;;;;;;;;Salle de sport;Pratique libre;;2h;Non;Evacuer les tensions;;Oui sans trop de problème;;;;Tout à fait d'accord
Une femme;Autre;78;SD;BUT3;Non;Oui;;;Locataire;;Non;Oui;Oui;Non;Oui;;;;;;;;;;;;;;;;;;;En dehors du SUAPS;;;;;;;;;;;;;;;;;A Niort;;;;Autre;;;;;;;;;Equitation;Club, association;;2h;Oui;Evacuer les tensions;;Ce serait difficile;;;;Tout à fait d'accord
Une femme;79;;SD;BUT3;Non;Oui;;;Domicilié.e chez vos (ou un de vos ) parents;;Oui;Non;Non;Non;Oui;;;;;;;;;;;;;;;;;;;En dehors du SUAPS;;;;;;;;;;;;;;;;;A Niort;;;;Autre;;;;;;;;;Equitation;Club, association;Pratique libre;2h;Non;Etre en forme;;Ce serait difficile;;;;Moyennement d'accord
Un homme;79;;SD;BUT3;Oui;Oui;;;Domicilié.e chez vos (ou un de vos ) parents;;Non;Oui;Oui;Oui;Oui;;;;;;;;;;;;;;;;;;;En dehors du SUAPS;;;;;;;;;;;;;;;;;A Niort;;;;Gym, fitness, zumba...;;;;;;;;;;Pratique libre;;4h ou plus;Non;Etre en forme;;Ce serait difficile;;;;Moyennement d'accord
Un homme;86;;SD;BUT3;Non;Oui;;;Domicilié.e chez vos (ou un de vos ) parents;;Non;Non;Oui;Non;Oui;;;;;;;;;;;;;;;;;;;Dans le cadre du SUAPS;;Badminton;;;;;;;2h;Oui;;;;;;;;;;;;;;;;;;;;;;;;;Etre en forme;;Ce serait difficile;;;;Tout à fait d'accord
Un homme;Autre;72;SD;BUT3;Non;Oui;;;Locataire;;Non;Oui;Oui;Oui;Oui;;;;;;;;;;;;;;;;;;;Dans le cadre du SUAPS;En dehors du SUAPS;Badminton;;;;;;;2h;Oui;Oui;;;;;;A Niort;Près de votre domicile familial;;;Sport de raquette;;;;;;;;;;Club, association;;3h;Oui;S'amuser;;Ce serait difficile;;;;Moyennement d'accord
Un homme;Autre;77;SD;BUT3;Non;Non;Non;Non;Locataire;;Non;Non;Oui;Oui;Oui;;;;;;;;;;;;;;;;;;;Dans le cadre du SUAPS;;Futsal;Natation;;;;;;3h ou plus;Oui;Oui;;;;;;A Niort;;;;Football;Running, athlétisme;Sport de raquette;;;;;;;;Pratique libre;;2h;Non;Etre en forme;;Ce serait difficile;;;;Pas vraiment d'accord
Un homme;79;;SD;BUT3;Non;Non;Non;Non;Domicilié.e chez vos (ou un de vos ) parents;;Oui;Oui;Oui;Non;Oui;;;;;;;;;;;;;;;;;;;En dehors du SUAPS;;;;;;;;;;;;;;;;;A Niort;;;;Gym, fitness, zumba...;Cyclisme;;;;;;;;;Pratique libre;;2h;Non;Etre en forme;;Je ne peux pas l'envisager;;;;Tout à fait d'accord
Un homme;79;;SD;BUT3;Non;Non;Non;Non;Locataire;;Non;Oui;Oui;Oui;Oui;;;;;;;;;;;;;;;;;;;Dans le cadre du SUAPS;;Badminton;;;;;;;2h;Oui;Oui;;;;;;A Niort;;;;Running, athlétisme;;;;;;;;;;Club, association;;4h ou plus;Oui;Etre en forme;;Je ne peux pas l'envisager;;;;Tout à fait d'accord
Un homme;85;;SD;BUT3;Non;Oui;;;Locataire;;Non;Oui;Oui;Oui;Oui;;;;;;;;;;;;;;;;;;;En dehors du SUAPS;;;;;;;;;;;;;;;;;Près de votre domicile familial;;;;Sport collectif auttre que foot;;;;;;;;;;Club, association;;4h ou plus;Oui;Etre en forme;;Je ne peux pas l'envisager;;;;Tout à fait d'accord
Un homme;79;;SD;BUT3;Non;Oui;;;Domicilié.e chez vos (ou un de vos ) parents;;Non;Non;Oui;Oui;Oui;;;;;;;;;;;;;;;;;;;Dans le cadre du SUAPS;En dehors du SUAPS;Futsal;Natation;;;;;;2h;Oui;Oui;;;;;;A Niort;;;;Football;;;;;;;;;;Club, association;Pratique libre;4h ou plus;Oui;S'amuser;;Ce serait difficile;;;;
Un homme;16;;SD;BUT2;Non;Non;Non;Non;Locataire;;Non;Oui;Oui;Oui;Oui;;;;;;;;;;;;;;;;;;;Dans le cadre du SUAPS;En dehors du SUAPS;Basket;;;;;;;2h;Oui;Oui;;;;;;A Niort;Près de votre domicile familial;;;Sport d'eau;Gym, fitness, zumba...;Running, athlétisme;;;;;;;;Pratique libre;;3h;Non;Etre en forme;;Je ne peux pas l'envisager;;;;Tout à fait d'accord
Un homme;79;;SD;BUT2;Non;Non;Non;Non;Domicilié.e chez vos (ou un de vos ) parents;;Non;Oui;Oui;Oui;Oui;;;;;;;;;;;;;;;;;;;En dehors du SUAPS;;;;;;;;;;;;;;;;;A Niort;;;;Gym, fitness, zumba...;Sport de raquette;;;;;;;;;Pratique libre;;4h ou plus;Non;Evacuer les tensions;;Ce serait difficile;;;;Tout à fait d'accord
Une femme;Autre;37;SD;BUT2;Non;Oui;;;Locataire;;Non;Oui;Oui;Non;Oui;;;;;;;;;;;;;;;;;;;En dehors du SUAPS;;;;;;;;;;;;;;;;;A Niort;Près de votre domicile familial;;;Gym, fitness, zumba...;;;;;;;;;;Pratique libre;;3h;Non;Etre en forme;;Ce serait difficile;;;;Tout à fait d'accord
Un homme;Autre;41;SD;BUT2;Non;Oui;;;Locataire;;Non;Oui;Oui;Non;Oui;;;;;;;;;;;;;;;;;;;En dehors du SUAPS;;;;;;;;;;;;;;;;;A Niort;;;;Running, athlétisme;Autre;;;;;;;;Musculation;Pratique libre;;4h ou plus;Non;Etre en forme;;Oui sans trop de problème;;;;Pas vraiment d'accord
Une femme;17;;SD;BUT2;Non;Non;Oui;Non;Locataire;;Non;Oui;Oui;Oui;Oui;;;;;;;;;;;;;;;;;;;Dans le cadre du SUAPS;En dehors du SUAPS;Musculation;;;;;;;2h;Oui;Oui;;;;;;A Niort;Près de votre domicile familial;;;Sport d'eau;Running, athlétisme;Autre;;;;;;;Musculation/Escalade;Pratique libre;;4h ou plus;Non;Evacuer les tensions;;Je ne peux pas l'envisager;;;;Tout à fait d'accord
Une femme;79;;SD;BUT2;Non;Oui;;;Domicilié.e chez vos (ou un de vos ) parents;;Non;Non;Oui;Oui;Oui;;;;;;;;;;;;;;;;;;;En dehors du SUAPS;;;;;;;;;;;;;;;;;Près de votre domicile familial;A Niort;;;Sport collectif auttre que foot;;;;;;;;;;Club, association;;4h ou plus;Oui;Evacuer les tensions;;Je ne peux pas l'envisager;;;;Tout à fait d'accord
Un homme;Autre;Etrangers;SD;BUT2;Non;Non;Oui;Oui;Locataire;;Non;Non;Oui;Oui;Oui;;;;;;;;;;;;;;;;;;;En dehors du SUAPS;;;;;;;;;;;;;;;;;A Niort;;;;Football;;;;;;;;;;Pratique libre;;4h ou plus;Non;Etre en forme;;Je ne peux pas l'envisager;;;;Moyennement d'accord
Un homme;Autre;83;SD;BUT2;Oui;Oui;;;Locataire;;Non;Oui;Oui;Non;Oui;;;;;;;;;;;;;;;;;;;En dehors du SUAPS;;;;;;;;;;;;;;;;;A Niort;;;;Autre;;;;;;;;;Musculation;Pratique libre;;4h ou plus;Non;Evacuer les tensions;;Je ne peux pas l'envisager;;;;Pas vraiment d'accord
Une femme;86;;SD;BUT2;Oui;Non;;;Locataire;;Non;Oui;Oui;Non;Non;Autre;Pas de temps;Oui;Gym, fitness, zumba...;;;;;;;;;;Manque de temps;;Non;;;;;;;;;;;;;;;;;;;;;;;;;;;;;;;;;;;;;;;;;Plus de temps;;Oui;Moyennement d'accord
Un homme;79;;SD;BUT2;Non;Oui;;;Domicilié.e chez vos (ou un de vos ) parents;;Oui;Non;Oui;Non;Non;Vous n'avez pas envie de faire du sport;;Oui;Autre;;;;;;;;;Volley-Ball;Autre;Blessure;Non;;;;;;;;;;;;;;;;;;;;;;;;;;;;;;;;;;;;;;;;;Plus de temps;;Oui;Moyennement d'accord
Un homme;79;;SD;BUT2;Non;Non;Non;Non;Domicilié.e chez vos (ou un de vos ) parents;;Non;Non;Oui;Non;Non;Vous n'avez pas envie de faire du sport;;Oui;Football;Autre;;;;;;;;BoxeThaïlandaise;Autre;Blessure;Non;;;;;;;;;;;;;;;;;;;;;;;;;;;;;;;;;;;;;;;;;Plus de temps;;Non;Moyennement d'accord
Un homme;79;;SD;BUT2;Non;Non;Non;Non;Domicilié.e chez vos (ou un de vos ) parents;;Non;Non;Oui;Non;Non;Vous n'avez pas envie de faire du sport;;Non;;;;;;;;;;;;;;Pas d'envie;;;;;;;;;;;;;;;;;;;;;;;;;;;;;;;;;;;;;;;;Plus de temps;;Non;Moyennement d'accord
Un homme;Autre;33;SD;BUT2;Non;Non;Oui;Non;Locataire;;Non;Non;Oui;Non;Non;Vous n'avez pas envie de faire du sport;;Oui;Football;Autre;;;;;;;;tir à l'arc;Manque de temps;;Non;;;;;;;;;;;;;;;;;;;;;;;;;;;;;;;;;;;;;;;;;Plus de temps;;Oui;Pas vraiment d'accord
Un homme;79;;SD;BUT2;Non;Non;Oui;Oui;Domicilié.e chez vos (ou un de vos ) parents;;Non;Non;Oui;Non;Non;Vous n'avez pas envie de faire du sport;;Oui;Autre;Sport de raquette;;;;;;;;Escalade;Plus d'envie;;Non;;;;;;;;;;;;;;;;;;;;;;;;;;;;;;;;;;;;;;;;;Plus de temps;;Oui;Tout à fait d'accord
Une femme;Autre;99;SD;BUT2;Non;Oui;;;Locataire;;Non;Oui;Oui;Non;Non;Les horaires sont inadaptés;;Oui;Sport de raquette;Sport collectif autre que foot;Gym, fitness, zumba...;;;;;;;;Manque de temps;;Oui;;;;;;;;;;;;;;;;;;;;;;;;;;;;;;;;;;;;;;;;;Plus de temps;;Oui;Tout à fait d'accord
Un homme;Autre;41;;BUT2;Non;Non;;;Locataire;;Non;Non;Oui;Oui;Oui;;;;;;;;;;;;;;;;;;;En dehors du SUAPS;;;;;;;;;;;;;;;;;A Niort;;;;Sport collectif auttre que foot;;;;;;;;;;Club, association;;4h ou plus;Oui;Etre en forme;;Je ne peux pas l'envisager;;;;Tout à fait d'accord
Une femme;86;;HSE;BUT2;Non;Oui;;;Locataire;;Oui;Non;Oui;Oui;Oui;;;;;;;;;;;;;;;;;;;En dehors du SUAPS;;;;;;;;;;;;;;;;;Près de votre domicile familial;A Niort;;;Sport collectif auttre que foot;Gym, fitness, zumba...;;;;;;;;;Club, association;Pratique libre;4h ou plus;Oui;S'amuser;;Je ne peux pas l'envisager;;;;Tout à fait d'accord
Un homme;86;;SD;BUT2;Non;Oui;;;Locataire;;Oui;Non;Oui;Oui;Oui;;;;;;;;;;;;;;;;;;;En dehors du SUAPS;;;;;;;;;;;;;;;;;A Niort;Autre;;Limoges , La Rochelle;Gym, fitness, zumba...;Sport collectif auttre que foot;;;;;;;;;Club, association;Pratique libre;4h ou plus;Non;S'amuser;;Je ne peux pas l'envisager;;;;Tout à fait d'accord
Un homme;Autre;22;SD;BUT2;Non;Non;;;Locataire;;Non;Oui;Oui;Oui;Oui;;;;;;;;;;;;;;;;;;;En dehors du SUAPS;;;;;;;;;;;;;;;;;;;;;Gym, fitness, zumba...;;;;;;;;;;Pratique libre;;4h ou plus;Non;Etre en forme;;Ce serait difficile;;;;Tout à fait d'accord
Un homme;79;;SD;BUT2;Non;Oui;;;Domicilié.e chez vos (ou un de vos ) parents;;Non;Non;Non;Oui;Oui;;;;;;;;;;;;;;;;;;;En dehors du SUAPS;;;;;;;;;;;;;;;;;Près de votre domicile familial;;;;Football;Autre;;;;;;;;Musculation;Club, association;Pratique libre;3h;Oui;S'amuser;;Ce serait difficile;;;;Tout à fait d'accord
Un homme;17;;SD;BUT2;Non;Non;Oui;Non;Locataire;;Oui;Oui;Oui;Non;Oui;;;;;;;;;;;;;;;;;;;En dehors du SUAPS;;;;;;;;;;;;;;;;;A Niort;Près de votre domicile familial;;;Running, athlétisme;;;;;;;;;;Pratique libre;;2h;Non;Etre en forme;;Ce serait difficile;;;;Tout à fait d'accord
Une femme;79;;SD;BUT2;Non;Non;Non;Non;Domicilié.e chez vos (ou un de vos ) parents;;Non;Oui;Oui;Non;Oui;;;;;;;;;;;;;;;;;;;En dehors du SUAPS;;;;;;;;;;;;;;;;;A Niort;;;;Autre;;;;;;;;;Equitation;Club, association;Pratique libre;4h ou plus;Oui;S'amuser;;Ce serait difficile;;;;Moyennement d'accord
Une femme;Autre;77;SD;BUT2;Non;Non;Non;Non;Locataire;;Non;Oui;Oui;Non;Non;Vous n'avez pas envie de faire du sport;;Oui;Autre;;;;;;;;;Roller;Manque de temps;;Oui;;;;;;;;;;;;;;;;;;;;;;;;;;;;;;;;;;;;;;;;;Plus de temps;;Non;Moyennement d'accord
Une femme;Autre;75;SD;BUT2;Non;Non;Non;Non;Domicilié.e chez vos (ou un de vos ) parents;;Non;Oui;Oui;Oui;Oui;;;;;;;;;;;;;;;;;;;En dehors du SUAPS;;;;;;;;;;;;;;;;;A Niort;;;;Gym, fitness, zumba...;;;;;;;;;;Pratique libre;;2h;Non;Etre en forme;;Ce serait difficile;;;;Moyennement d'accord
Un homme;79;;SD;BUT2;Non;Non;Oui;Non;Domicilié.e chez vos (ou un de vos ) parents;;Non;Oui;Non;Non;Oui;;;;;;;;;;;;;;;;;;;En dehors du SUAPS;;;;;;;;;;;;;;;;;A Niort;;;;Autre;;;;;;;;;Taekwondo;Club, association;;2h;Non;Etre en forme;;Ce serait difficile;;;;Tout à fait d'accord
Une femme;79;;SD;BUT2;Non;Oui;;;Locataire;;Non;Non;Oui;Non;Oui;;;;;;;;;;;;;;;;;;;En dehors du SUAPS;;;;;;;;;;;;;;;;;Près de votre domicile familial;;;;Cyclisme;;;;;;;;;;Pratique libre;;2h;Non;Evacuer les tensions;;Je ne peux pas l'envisager;;;;Tout à fait d'accord
Un homme;17;;SD;BUT2;Non;Oui;;;Locataire;;Non;Non;Non;Oui;Oui;;;;;;;;;;;;;;;;;;;Dans le cadre du SUAPS;En dehors du SUAPS;Futsal;;;;;;;2h;Oui;Oui;;;;;;A Niort;;;;Gym, fitness, zumba...;;;;;;;;;;Pratique libre;;3h;Non;Etre en forme;;Oui sans trop de problème;;;;Pas vraiment d'accord
Un homme;85;;SD;BUT2;Oui;Non;Oui;Non;Locataire;;Non;Oui;Non;Oui;Oui;;;;;;;;;;;;;;;;;;;Dans le cadre du SUAPS;;Futsal;;;;;;;2h;Non;Oui;;;;;;;;;;;;;;;;;;;;;;;;S'amuser;;Je ne peux pas l'envisager;;;;Tout à fait d'accord
Un homme;Autre;37;SD;BUT2;Non;Non;Non;Non;Locataire;;Non;Oui;Oui;Oui;Oui;;;;;;;;;;;;;;;;;;;En dehors du SUAPS;Dans le cadre du SUAPS;Futsal;;;;;;;2h;Non;Oui;;;;;;A Niort;;;;Football;;;;;;;;;;Pratique libre;;2h;Non;S'amuser;;Ce serait difficile;;;;Tout à fait d'accord
Une femme;17;;HSE;BUT3;Non;Non;Oui;Oui;Locataire;;Oui;Non;Non;Non;Oui;;;;;;;;;;;;;;;;;;;En dehors du SUAPS;Dans le cadre du SUAPS;Escalade;;;;;;;3h ou plus;Oui;Non;Lieux;;;;;Près de votre domicile familial;;;;Sport d'eau;Yoga;Autre;;;;;;;Beach-volley;Club, association;;4h ou plus;Oui;Evacuer les tensions;;Je ne peux pas l'envisager;;;;Tout à fait d'accord
Un homme;85;;SD;BUT2;Non;Non;Non;Non;Locataire;;Non;Non;Oui;Oui;Oui;;;;;;;;;;;;;;;;;;;Dans le cadre du SUAPS;En dehors du SUAPS;Futsal;;;;;;;2h;Non;Oui;;;;;;A Niort;;;;Autre;;;;;;;;;Ultimate;Club, association;;4h ou plus;Oui;Etre en forme;;Je ne peux pas l'envisager;;;;Tout à fait d'accord
Une femme;85;;SD;BUT2;Non;Oui;;;Locataire;;Non;Oui;Oui;Non;Oui;;;;;;;;;;;;;;;;;;;En dehors du SUAPS;;;;;;;;;;;;;;;;;A Niort;Près de votre domicile familial;;;Gym, fitness, zumba...;Running, athlétisme;Sport d'eau;;;;;;;;Pratique libre;;3h;Non;Etre en forme;;Ce serait difficile;;;;Pas vraiment d'accord
Un homme;86;;SD;BUT2;Non;Non;Oui;Non;Locataire;;Non;Non;Non;Non;Oui;;;;;;;;;;;;;;;;;;;En dehors du SUAPS;;;;;;;;;;;;;;;;;A Niort;;;;Sport de raquette;;;;;;;;;;Club, association;Pratique libre;4h ou plus;Non;Evacuer les tensions;;Oui sans trop de problème;;;;Moyennement d'accord
Un homme;79;;SD;BUT2;Non;Non;Non;Non;Domicilié.e chez vos (ou un de vos ) parents;;Non;Oui;Oui;Oui;Oui;;;;;;;;;;;;;;;;;;;Dans le cadre du SUAPS;;Volley;;;;;;;2h;Non;Non;Horaires;;;;;;;;;;;;;;;;;;;;;;;S'amuser;;Je ne peux pas l'envisager;;;;Tout à fait d'accord
Un homme;86;;SD;BUT2;Non;Non;Oui;Non;Locataire;;Non;Oui;Oui;Non;Non;Vous n'avez pas envie de faire du sport;;Oui;Cyclisme;;;;;;;;;;;;Non;Manque de temps;;En dehors du SUAPS;;;;;;;;;;;;;;;;;Près de votre domicile familial;;;;Cyclisme;;;;;;;;;;Pratique libre;;1h;Non;Evacuer les tensions;;Je ne peux pas l'envisager;Plus de temps;;Oui;Moyennement d'accord
Un homme;79;;SD;BUT2;Non;Non;Non;Non;Domicilié.e chez vos (ou un de vos ) parents;;Non;Oui;Oui;Non;Oui;;;;;;;;;;;;;;;;;;;En dehors du SUAPS;;;;;;;;;;;;;;;;;Près de votre domicile familial;;;Badminton;;;;;;;;;;;Pratique libre;;1h;Non;S'amuser;;Oui sans trop de problème;;;;Pas vraiment d'accord
Un homme;79;;SD;BUT2;Non;Non;Non;Non;Domicilié.e chez vos (ou un de vos ) parents;;Non;Oui;Oui;Oui;Oui;;;;;;;;;;;;;;;;;;;En dehors du SUAPS;;;;;;;;;;;;;;;;;A Niort;;;;Gym, fitness, zumba...;;;;;;;;;Taekwondo;Club, association;Pratique libre;3h;Non;Autre;Progresser;Je ne peux pas l'envisager;;;;Tout à fait d'accord
Un homme;86;;SD;BUT2;Non;Non;Oui;Non;Locataire;;Oui;Non;Non;Non;Non;;;Oui;Football;Sport de raquette;Cyclisme;;;;;;;;Plus d'envie;;Non;;;;;;;;;;;;;;;;;;;;;;;;;;;;;;;;;;;;;;;;;Plus de temps;;Oui;Moyennement d'accord
Un homme;16;;SD;BUT2;Non;Oui;;;Locataire;;Oui;Oui;Oui;Non;Oui;;;;;;;;;;;;;;;;;;;En dehors du SUAPS;;;;;;;;;;;;;;;;;A Niort;Près de votre domicile familial;;;Autre;;;;;;;;;Musculation;Pratique libre;;4h ou plus;Non;Autre;Discipline;Je ne peux pas l'envisager;;;;Moyennement d'accord
Un homme;Autre;99;SD;BUT2;Non;Non;Non;Non;Locataire;;Oui;Non;Non;Non;Oui;;;;;;;;;;;;;;;;;;;En dehors du SUAPS;;;;;;;;;;;;;;;;;A Niort;;;;Gym, fitness, zumba...;;;;;;;;;;Pratique libre;;2h;Non;Etre en forme;;Oui sans trop de problème;;;;Moyennement d'accord
Une femme;17;;HSE;BUT1;Non;Non;Non;Non;Locataire;;Non;Oui;Oui;Oui;Non;Autre;"Blessure; opération au genou";Oui;Football;;;;;;;;;;Autre;Blessure;Non;;;;;;;;;;;;;;;;;;;;;;;;;;;;;;;;;;;;;;;;;Un problème de santé;;Oui;Tout à fait d'accord
Un homme;Autre;49;HSE;BUT1;Non;Non;Non;Non;Locataire;;Non;Oui;Oui;Oui;Oui;Les activités proposées ne vous conviennent pas;;Oui;Running, athlétisme;Cyclisme;Autre;;;;;;;"Karaté;Rugby;Hockey;Équitation";Autre;Pompier;Oui;;;En dehors du SUAPS;;;;;;;;;;;;;;;;;A Niort;;;;Running, athlétisme;Cyclisme;;;;;;;;;Club, association;;3h;Non;Etre en forme;;Ce serait difficile;;;;Tout à fait d'accord
Un homme;79;;HSE;BUT1;Non;Non;Non;Non;Domicilié.e chez vos (ou un de vos ) parents;;Non;Oui;Oui;Oui;Oui;;;;;;;;;;;;;;;;;;;En dehors du SUAPS;;;;;;;;;;;;;;;;;A Niort;;;;Gym, fitness, zumba...;Running, athlétisme;;;;;;;;;Pratique libre;;4h ou plus;Non;Etre en forme;;Je ne peux pas l'envisager;;;;Moyennement d'accord
Un homme;17;;HSE;BUT1;Non;Non;Non;Oui;Locataire;;Non;Oui;Oui;Oui;Oui;;;;;;;;;;;;;;;;;;;En dehors du SUAPS;;;;;;;;;;;;;;;;;A Niort;Près de votre domicile familial;;;Autre;;;;;;;;;Musculation;Club, association;Pratique libre;4h ou plus;Non;Etre en forme;;Je ne peux pas l'envisager;;;;Pas vraiment d'accord
Un homme;Autre;63;HSE;BUT1;Non;Non;Oui;Non;Locataire;;Non;Oui;Oui;Oui;Oui;;;;;;;;;;;;;;;;;;;Dans le cadre du SUAPS;;Natation;;;;;;;1h ou moins;Oui;Oui;;;;;;;;;;;;;;;;;;;;;;;;Autre;Être meilleur que les autres;Je ne peux pas l'envisager;;;;Tout à fait d'accord
Un homme;Autre;56;HSE;BUT1;Non;Non;Oui;Oui;Locataire;;Non;Oui;Oui;Oui;Oui;;;;;;;;;;;;;;;;;;;Dans le cadre du SUAPS;En dehors du SUAPS;Futsal;;;;;;;2h;Oui;Oui;;;;;;A Niort;Près de votre domicile familial;;;Football;Cyclisme;;;;;;;;;Club, association;;4h ou plus;Oui;Etre en forme;;Je ne peux pas l'envisager;;;;Tout à fait d'accord
Une femme;85;;HSE;BUT1;Oui;Non;Non;Oui;Locataire;;Non;Oui;Oui;Non;Oui;;;;;;;;;;;;;;;;;;;En dehors du SUAPS;;;;;;;;;;;;;;;;;A Niort;Près de votre domicile familial;;;Gym, fitness, zumba...;Sport d'eau;Running, athlétisme;;;;;;;;Pratique libre;;4h ou plus;Non;Etre en forme;;Ce serait difficile;;;;Moyennement d'accord
Une femme;Autre;49;HSE;BUT1;Non;Non;Non;Non;Locataire;;Non;Oui;Oui;Oui;Oui;;;;;;;;;;;;;;;;;;;Dans le cadre du SUAPS;En dehors du SUAPS;Natation;;;;;;;1h ou moins;Oui;Oui;;;;;;A Niort;Près de votre domicile familial;;;Football;;;;;;;;;;Club, association;;3h;Oui;S'amuser;;Je ne peux pas l'envisager;;;;Tout à fait d'accord
Un homme;Autre;48;HSE;BUT1;Non;Non;Non;Non;Locataire;;Non;Oui;Oui;Oui;Oui;;;;;;;;;;;;;;;;;;;En dehors du SUAPS;;;;;;;;;;;;;;;;;Près de votre domicile familial;;;;Sport collectif auttre que foot;;;;;;;;;;Club, association;;2h;Oui;Etre en forme;;Ce serait difficile;;;;Tout à fait d'accord
Un homme;79;;HSE;BUT1;Non;Non;Non;Non;Domicilié.e chez vos (ou un de vos ) parents;;Non;Oui;Oui;Non;Non;Vous n'avez pas envie de faire du sport;;Oui;Football;;;;;;;;;;Plus d'envie;;Non;;;;;;;;;;;;;;;;;;;;;;;;;;;;;;;;;;;;;;;;;Plus de temps;;Non;Tout à fait d'accord
Un homme;85;;HSE;BUT1;Non;Oui;;;Autre;Chez les grands-parents;Non;Oui;Oui;Oui;Oui;;;;;;;;;;;;;;;;;;;En dehors du SUAPS;;;;;;;;;;;;;;;;;A Niort;;;;Gym, fitness, zumba...;;;;;;;;;;Pratique libre;;4h ou plus;Non;Autre;Pompier;Je ne peux pas l'envisager;;;;Pas vraiment d'accord
Un homme;Autre;36;HSE;BUT1;Non;Non;Oui;Non;Locataire;;Oui;Non;Oui;Oui;Oui;;;;;;;;;;;;;;;;;;;En dehors du SUAPS;;;;;;;;;;;;;;;;;A Niort;Près de votre domicile familial;;;Sport collectif auttre que foot;Running, athlétisme;;;;;;;;;Club, association;;4h ou plus;Oui;Etre en forme;;Je ne peux pas l'envisager;;;;Tout à fait d'accord
Un homme;17;;HSE;BUT1;Oui;Non;Oui;Non;Locataire;;Oui;Oui;Oui;Non;Oui;;;;;;;;;;;;;;;;;;;En dehors du SUAPS;;;;;;;;;;;;;;;;;A Niort;;;;Gym, fitness, zumba...;Running, athlétisme;Cyclisme;;;;;;;;Pratique libre;;4h ou plus;Non;Etre en forme;;Ce serait difficile;;;;Pas vraiment d'accord
Une femme;Autre;53;HSE;BUT1;Non;Non;Oui;Non;Locataire;;Non;Oui;Oui;Non;Non;Les activités proposées ne vous conviennent pas;;Oui;Gym, fitness, zumba...;Sport d'eau;;;;;;;;;Difficultés pratiques;;Non;;;;;;;;;;;;;;;;;;;;;;;;;;;;;;;;;;;;;;;;;Plus de temps;;Oui;Moyennement d'accord
Une femme;79;;HSE;BUT1;Non;Non;Non;Non;Domicilié.e chez vos (ou un de vos ) parents;;Non;Oui;Oui;Oui;Oui;;;;;;;;;;;;;;;;;;;En dehors du SUAPS;;;;;;;;;;;;;;;;;A Niort;;;;Autre;;;;;;;;;Boxe;Club, association;;2h;Non;Evacuer les tensions;;Ce serait difficile;;;;Tout à fait d'accord
Un homme;79;;HSE;BUT1;Non;Non;Non;Oui;Locataire;;Oui;Non;Oui;Non;Oui;;;;;;;;;;;;;;;;;;;En dehors du SUAPS;;;;;;;;;;;;;;;;;Près de votre domicile familial;;;;Sport collectif auttre que foot;;;;;;;;;;Club, association;Pratique libre;3h;Oui;S'amuser;;Je ne peux pas l'envisager;;;;Moyennement d'accord
Un homme;79;;HSE;BUT1;Non;Non;Non;Non;Locataire;;Non;Oui;Oui;Oui;Oui;;;;;;;;;;;;;;;;;;;Dans le cadre du SUAPS;En dehors du SUAPS;Escalade;;;;;;;3h ou plus;Non;Oui;;;;;;A Niort;Près de votre domicile familial;;;Football;Autre;;;;;;;;Boxe;Club, association;;4h ou plus;Oui;Evacuer les tensions;;Je ne peux pas l'envisager;;;;Tout à fait d'accord
Un homme;17;;HSE;BUT1;Non;Non;Non;Non;Locataire;;Non;Non;Oui;Non;Oui;;;;;;;;;;;;;;;;;;;En dehors du SUAPS;;;;;;;;;;;;;;;;;A Niort;;;;Gym, fitness, zumba...;Running, athlétisme;;;;;;;;;Pratique libre;;3h;Non;Etre en forme;;Ce serait difficile;;;;Tout à fait d'accord
Un homme;Autre;33;HSE;BUT1;Non;Non;Non;Non;Locataire;;Non;Oui;Oui;Non;Non;Les activités proposées ne vous conviennent pas;;Oui;Football;;;;;;;;;;Plus d'envie;;Non;;;;;;;;;;;;;;;;;;;;;;;;;;;;;;;;;;;;;;;;;Un accès plus facile aux équipements/cours;;Oui;Tout à fait d'accord
Un homme;79;;HSE;BUT1;Oui;Non;Oui;Non;Locataire;;Non;Non;Oui;Oui;Oui;;;;;;;;;;;;;;;;;;;Dans le cadre du SUAPS;En dehors du SUAPS;Badminton;;;;;;;2h;Oui;Non;Lieux;;;;;A Niort;;;;Sport de raquette;;;;;;;;;;Club, association;;4h ou plus;Oui;Etre en forme;;Je ne peux pas l'envisager;;;;Tout à fait d'accord
Un homme;17;;HSE;BUT1;Non;Non;Oui;Non;Locataire;;Non;Non;Oui;Oui;Non;Autre;blessé;Oui;Sport collectif autre que foot;;;;;;;;;;Plus d'envie;;Non;;;;;;;;;;;;;;;;;;;;;;;;;;;;;;;;;;;;;;;;;Un problème de santé;;Oui;Tout à fait d'accord
Un homme;Autre;47;HSE;BUT1;Non;Non;Non;Oui;Locataire;;Non;Oui;Oui;Oui;Oui;;;;;;;;;;;;;;;;;;;En dehors du SUAPS;;;;;;;;;;;;;;;;;Près de votre domicile familial;;;;Sport collectif auttre que foot;;;;;;;;;;Club, association;;4h ou plus;Oui;Etre en forme;;Ce serait difficile;;;;Tout à fait d'accord
Un homme;Autre;22;HSE;BUT1;Non;Non;Non;Non;Locataire;;Non;Oui;Oui;Non;Oui;;;;;;;;;;;;;;;;;;;En dehors du SUAPS;;;;;;;;;;;;;;;;;A Niort;;;;Sport collectif auttre que foot;;;;;;;;;;Club, association;;2h;Non;S'amuser;;Ce serait difficile;;;;Tout à fait d'accord
Un homme;Autre;37;HSE;BUT1;Non;Oui;;;Locataire;;Oui;Oui;Oui;Oui;Non;Les horaires sont inadaptés;;Oui;Football;;;;;;;;;;Manque de temps;;Oui;;;;;;;;;;;;;;;;;;;;;;;;;;;;;;;;;;;;;;;;;Un problème de santé;;Oui;Moyennement d'accord
Une femme;85;;HSE;BUT1;Oui;Non;Non;Non;Locataire;;Oui;Oui;Oui;Oui;Oui;;;;;;;;;;;;;;;;;;;En dehors du SUAPS;;;;;;;;;;;;;;;;;A Niort;Près de votre domicile familial;;;Gym, fitness, zumba...;;;;;;;;;;Club, association;;2h;Non;Evacuer les tensions;;Je ne peux pas l'envisager;;;;Tout à fait d'accord
Une femme;79;;HSE;BUT1;Non;Non;Non;Oui;Locataire;;Non;Oui;Oui;Oui;Oui;;;;;;;;;;;;;;;;;;;En dehors du SUAPS;;;;;;;;;;;;;;;;;Près de votre domicile familial;;;;Gym, fitness, zumba...;;;;;;;;;;Club, association;;2h;Non;Evacuer les tensions;;Ce serait difficile;;;;Moyennement d'accord
Un homme;Autre;41;HSE;BUT1;Non;Non;Oui;Non;Locataire;;Non;Oui;Oui;Oui;Oui;;;;;;;;;;;;;;;;;;;Dans le cadre du SUAPS;En dehors du SUAPS;Volley;;;;;;;1h ou moins;Oui;Oui;;;;;;Près de votre domicile familial;;;;Cyclisme;;;;;;;;;;Pratique libre;;2h;Non;S'amuser;;Ce serait difficile;;;;Moyennement d'accord
Un homme;Autre;49;HSE;BUT1;Non;Non;Non;Non;Locataire;;Non;Oui;Oui;Oui;Oui;;;;;;;;;;;;;;;;;;;En dehors du SUAPS;;;;;;;;;;;;;;;;;Près de votre domicile familial;;;;Football;;;;;;;;;;Club, association;;3h;Oui;S'amuser;;Oui sans trop de problème;;;;Pas vraiment d'accord
